"PMID","MESH"
"32452729","D001689"
"5649323","D000234"
"6133073","D003281"
"28712682","D005509"
"7776448","D013205"
"4282135","D000005"
"6640839","D000017"
"13230663","D000037"
"24101870","D000042"
"12681118","D000042"
"1093473","D000042"
"12923655","D000067816"
"22479348","D000067856"
"27533650","D000067996"
"32512787","D000069196"
"32913252","D000072416"
"31945435","D000072756"
"28712682","D000073417"
"23262578","D000074606"
"20385943","D000077338"
"9833947","D000078790"
"15975520","D000081082"
"32096367","D000086382"
"29080842","D000107"
"1582954","D000136"
"5294843","D000138"
"24967988","D000180"
"1366943","D000180"
"3463417","D000180"
"17170309","D000200"
"22398393","D000203"
"888067","D000208"
"3673228","D000208"
"5649323","D000208"
"33300694","D000208"
"2616396","D000208"
"11770440","D000208"
"11339231","D000215"
"16459243","D000223"
"16642632","D000297"
"29101877","D000327"
"812581","D000327"
"15260781","D000327"
"6706157","D000327"
"2968978","D000345"
"9257020","D000375"
"3958246","D000375"
"16438220","D000383"
"31619074","D000417"
"11964563","D000428"
"14646132","D000465"
"18754462","D000465"
"11771132","D000465"
"5294843","D000471"
"23157875","D000483"
"10471071","D000483"
"8651305","D000483"
"16029440","D000483"
"16091861","D000483"
"10911969","D000483"
"23225057","D000483"
"6316123","D000494"
"30342276","D000497"
"25109667","D000595"
"9592861","D000595"
"1378901","D000595"
"22208979","D000595"
"7559499","D000595"
"9398336","D000595"
"6195290","D000595"
"11327815","D000595"
"8136028","D000595"
"6316123","D000595"
"1310991","D000595"
"22350156","D000595"
"11969401","D000595"
"18467542","D000595"
"16029440","D000595"
"19761758","D000595"
"8620881","D000595"
"8027539","D000595"
"7666191","D000595"
"9322759","D000595"
"19776566","D000595"
"17521167","D000595"
"11161714","D000595"
"7867937","D000595"
"10948500","D000595"
"11133163","D000595"
"24561590","D000595"
"7575356","D000595"
"1227833","D000650"
"20174990","D000693"
"31319215","D000693"
"13980950","D000700"
"3753904","D000777"
"14354990","D000777"
"14435866","D000777"
"5305344","D000777"
"25138113","D000782"
"32512787","D000806"
"18400258","D000821"
"15369835","D000821"
"19057672","D000860"
"28764058","D000872"
"22487181","D000900"
"24101870","D000903"
"28700583","D000917"
"1093473","D000917"
"4908593","D000917"
"11160324","D000918"
"7493642","D000918"
"1093473","D000918"
"7776448","D000918"
"2931446","D000920"
"30336838","D000925"
"939046","D000936"
"4230602","D000937"
"15436985","D000941"
"4957595","D000941"
"4230602","D000941"
"29076089","D000943"
"13050917","D000959"
"1093473","D000961"
"33395712","D000970"
"32512787","D000975"
"4908593","D000998"
"32073202","D001155"
"30336838","D001281"
"19422761","D001284"
"1957249","D001291"
"15885142","D001291"
"15295132","D001294"
"24895238","D001331"
"23251543","D001343"
"4282135","D001344"
"9303526","D001370"
"7455179","D001417"
"2633813","D001427"
"4617756","D001428"
"22798646","D001482"
"7693457","D001483"
"9592861","D001483"
"29186656","D001483"
"7433109","D001483"
"12039965","D001483"
"15247391","D001483"
"2555370","D001483"
"7681666","D001483"
"18431453","D001483"
"8651305","D001483"
"16029440","D001483"
"19678865","D001483"
"8620881","D001483"
"8027539","D001483"
"10471071","D001483"
"7666191","D001483"
"8864865","D001483"
"9322759","D001483"
"19822165","D001483"
"7867937","D001483"
"7630380","D001483"
"24561590","D001483"
"769708","D001491"
"10573934","D001505"
"7570142","D001521"
"30941732","D001522"
"17522629","D001522"
"28712682","D001628"
"12681118","D001630"
"160387","D001663"
"24530967","D001665"
"7559499","D001665"
"9010603","D001665"
"12039965","D001665"
"14732707","D001665"
"11327815","D001665"
"17690786","D001665"
"3069132","D001665"
"7578053","D001665"
"7681666","D001665"
"8136028","D001665"
"2968978","D001665"
"1333156","D001665"
"3270525","D001665"
"16095611","D001665"
"14646132","D001665"
"7575356","D001665"
"939046","D001666"
"7559499","D001667"
"19822165","D001672"
"16795019","D001682"
"8500224","D001682"
"4281532","D001692"
"20267280","D001692"
"7693457","D001692"
"23086010","D001692"
"23863933","D001692"
"1310991","D001692"
"5822046","D001692"
"6092741","D001693"
"25716024","D001696"
"26651970","D001711"
"6786492","D001724"
"1879249","D001768"
"4204415","D001769"
"1428207","D001772"
"5530862","D001777"
"21975227","D001777"
"31659082","D001790"
"2977994","D001794"
"29491273","D001794"
"3454197","D001794"
"4070523","D001794"
"31920001","D001794"
"18981938","D001794"
"20982644","D001802"
"25358091","D001823"
"23129724","D001823"
"14480013","D001824"
"20267280","D001826"
"20025378","D001828"
"14354990","D001831"
"5440302","D001831"
"28661984","D001833"
"17266632","D001835"
"29491273","D001835"
"4784868","D001835"
"17200687","D001835"
"17333437","D001835"
"4925468","D001835"
"22824633","D001835"
"6754421","D001854"
"1093473","D001854"
"9257020","D001861"
"2762612","D001917"
"5440302","D001923"
"467641","D001923"
"13568524","D001940"
"25358091","D001942"
"18897549","D001943"
"8693074","D002021"
"31864786","D002056"
"5530862","D002199"
"7681666","D002240"
"14158402","D002294"
"13050917","D002317"
"15516627","D002358"
"14778300","D002368"
"14778300","D002384"
"17091155","D002384"
"7693457","D002384"
"18052280","D002384"
"17608484","D002384"
"11327815","D002384"
"9443809","D002384"
"15373476","D002384"
"3069132","D002384"
"17877404","D002384"
"29317104","D002384"
"12196536","D002384"
"20798967","D002384"
"15025476","D002384"
"2166443","D002448"
"6740836","D002452"
"18296656","D002452"
"11216647","D002452"
"9438389","D002453"
"2083288","D002453"
"16862175","D002453"
"9438389","D002454"
"6170648","D002454"
"7433109","D002454"
"2083288","D002454"
"14566608","D002454"
"15337840","D002454"
"29076089","D002454"
"21519903","D002454"
"6170648","D002455"
"6754421","D002455"
"2083288","D002455"
"10646846","D002455"
"11216647","D002455"
"15337840","D002455"
"10926866","D002455"
"11161714","D002455"
"18950678","D002460"
"33607128","D002460"
"16782336","D002460"
"7559499","D002460"
"12055080","D002460"
"7433109","D002460"
"33252359","D002460"
"31490096","D002460"
"3708546","D002460"
"18765227","D002460"
"22479348","D002460"
"15337840","D002460"
"32218782","D002460"
"8027539","D002460"
"23351058","D002460"
"29864534","D002460"
"9438389","D002460"
"19822165","D002460"
"23131062","D002460"
"7776448","D002460"
"21384315","D002460"
"6170648","D002460"
"12370427","D002460"
"20634212","D002460"
"8968091","D002461"
"11216647","D002461"
"22304497","D002461"
"6092741","D002463"
"4281532","D002463"
"5822046","D002463"
"8162962","D002463"
"8119525","D002465"
"23246481","D002465"
"23351058","D002465"
"28700583","D002468"
"4617756","D002470"
"4559823","D002470"
"31071675","D002470"
"10926866","D002470"
"6170648","D002472"
"747815","D002474"
"7993662","D002478"
"17054929","D002478"
"7166875","D002478"
"1378901","D002478"
"1402389","D002478"
"1402649","D002478"
"3023427","D002478"
"24393200","D002478"
"3469660","D002478"
"12055080","D002478"
"21414903","D002478"
"27571019","D002478"
"7493642","D002478"
"11316764","D002478"
"10933756","D002478"
"11467894","D002478"
"9459622","D002478"
"20164347","D002478"
"30009832","D002478"
"1747448","D002478"
"22733428","D002478"
"1321769","D002478"
"22238663","D002478"
"1093473","D002478"
"6117873","D002478"
"23246481","D002478"
"23968976","D002478"
"6352540","D002478"
"14996435","D002478"
"23840723","D002478"
"11971165","D002478"
"9872571","D002478"
"11229609","D002478"
"19057672","D002478"
"16042982","D002478"
"10193805","D002478"
"11967266","D002478"
"17352382","D002478"
"11353855","D002478"
"18294619","D002478"
"16862175","D002478"
"23849650","D002478"
"8620881","D002478"
"8943343","D002478"
"26485654","D002478"
"21289464","D002478"
"17538711","D002478"
"6935690","D002478"
"33479216","D002478"
"26263535","D002478"
"18676825","D002478"
"5749524","D002482"
"30369365","D002531"
"14158402","D002583"
"22733428","D002642"
"6818794","D002642"
"14566608","D002642"
"6352540","D002642"
"9322759","D002642"
"16642632","D002657"
"7270775","D002664"
"16642632","D002666"
"11235487","D002666"
"18395192","D002772"
"5273096","D002869"
"5749524","D002875"
"19587794","D002896"
"5273096","D002904"
"23086010","D002908"
"3673228","D002908"
"22398393","D002908"
"18702902","D002908"
"14070601","D002921"
"33694283","D002980"
"24185059","D002980"
"1239","D002980"
"1957249","D002983"
"13327540","D003033"
"24561590","D003062"
"10911969","D003071"
"32512787","D003071"
"18754462","D003081"
"18767784","D003116"
"5294843","D003128"
"10169873","D003142"
"406833","D003227"
"6363528","D003227"
"2991195","D003227"
"3768954","D003227"
"12848103","D003251"
"25055714","D003252"
"33259782","D003277"
"11097077","D003376"
"21240140","D003405"
"28700583","D003429"
"9692215","D003429"
"10823710","D003460"
"3023427","D003470"
"4559823","D003470"
"11999117","D003470"
"16209096","D003470"
"4908593","D003470"
"15373476","D003500"
"7776448","D003602"
"1711354","D003602"
"19811110","D003663"
"14778300","D003681"
"28758810","D003692"
"1076819","D003760"
"34515911","D003863"
"4242393","D003864"
"4230602","D003864"
"6365362","D003864"
"4925711","D003864"
"4925468","D003864"
"4204415","D003902"
"3673228","D003971"
"13902677","D004032"
"1582954","D004032"
"15369835","D004032"
"17660701","D004032"
"29491273","D004032"
"9872720","D004032"
"4249599","D004032"
"15585756","D004038"
"28712682","D004041"
"4784868","D004044"
"4281532","D004058"
"24101870","D004058"
"238018","D004058"
"14351345","D004063"
"11771132","D004171"
"4908593","D004171"
"13582540","D004194"
"21414903","D004195"
"24202439","D004195"
"23282204","D004195"
"8527830","D004195"
"15759103","D004195"
"33607128","D004195"
"27744118","D004195"
"23086010","D004195"
"17590255","D004195"
"7686778","D004195"
"27571019","D004195"
"28416811","D004195"
"27870587","D004195"
"30009832","D004195"
"33011186","D004195"
"18952589","D004195"
"23644619","D004195"
"22077317","D004195"
"23968976","D004195"
"10780768","D004195"
"875896","D004195"
"19245307","D004195"
"18296656","D004195"
"11353855","D004195"
"11027434","D004195"
"10482316","D004195"
"9175244","D004195"
"32639672","D004195"
"25946071","D004195"
"20634212","D004195"
"7321309","D004195"
"31148392","D004195"
"23506213","D004198"
"22163039","D004249"
"23117436","D004249"
"25184891","D004249"
"12196536","D004249"
"22479348","D004249"
"2555370","D004251"
"11094276","D004251"
"8651305","D004251"
"12196536","D004260"
"18841495","D004260"
"22163039","D004260"
"4559823","D004260"
"15534367","D004261"
"14993658","D004261"
"12681118","D004304"
"18400258","D004305"
"16725260","D004305"
"17082989","D004305"
"24393200","D004305"
"22833365","D004305"
"17590255","D004305"
"28875401","D004305"
"15559637","D004305"
"1509760","D004305"
"25184891","D004305"
"8904813","D004305"
"20164347","D004305"
"22733428","D004305"
"6818794","D004305"
"875896","D004305"
"6827286","D004305"
"8162962","D004305"
"6999813","D004305"
"16409566","D004305"
"8282290","D004305"
"8721386","D004305"
"11216647","D004305"
"18294619","D004305"
"19457454","D004305"
"23818369","D004305"
"8693074","D004307"
"18908179","D004338"
"23782002","D004338"
"30977301","D004338"
"20164347","D004338"
"491915","D004338"
"16236038","D004338"
"32653677","D004338"
"23818369","D004338"
"23571259","D004343"
"23282204","D004347"
"17590255","D004347"
"11220404","D004347"
"16236038","D004347"
"4784868","D004347"
"6106551","D004347"
"21384315","D004347"
"26775143","D004351"
"4791505","D004352"
"3993500","D004352"
"491915","D004352"
"6818794","D004352"
"6363528","D004352"
"33401101","D004352"
"16795019","D004357"
"24101870","D004357"
"33202703","D004357"
"11910311","D004357"
"6195468","D004357"
"32346056","D004357"
"33607128","D004361"
"4282135","D004361"
"8527830","D004396"
"22733428","D004396"
"19850735","D004435"
"27533650","D004487"
"2451286","D004525"
"15369835","D004531"
"17054929","D004553"
"12055080","D004553"
"25201398","D004553"
"743158","D004553"
"22213467","D004560"
"7570142","D004565"
"17538711","D004574"
"9010603","D004579"
"25087588","D004579"
"18767784","D004583"
"11807253","D004583"
"20164347","D004622"
"5101995","D004622"
"30121077","D004625"
"7666191","D004625"
"11133163","D004627"
"6751676","D004630"
"12681118","D004630"
"19507470","D004630"
"18261681","D004703"
"17266632","D004734"
"1959877","D004734"
"3673228","D004734"
"19057672","D004734"
"20047308","D004735"
"14732707","D004735"
"21037063","D004777"
"28262604","D004777"
"18950678","D004789"
"25741759","D004789"
"9443809","D004789"
"8636105","D004789"
"19914310","D004789"
"26263535","D004789"
"11746380","D004791"
"27630053","D004795"
"31705314","D004795"
"28160000","D004795"
"7678152","D004847"
"8555334","D004847"
"743158","D004853"
"6170648","D004915"
"6170648","D004920"
"29076089","D004920"
"17181889","D004920"
"12681118","D004943"
"23262578","D005062"
"4791505","D005111"
"11542133","D005118"
"1378901","D005119"
"30369365","D005124"
"26836236","D005191"
"20025378","D005195"
"6853253","D005214"
"9833947","D005215"
"15688216","D005247"
"11235487","D005247"
"21141112","D005285"
"31748890","D005285"
"32512787","D005285"
"26836236","D005298"
"13902677","D005308"
"31618253","D005308"
"29076089","D005333"
"31071675","D005333"
"888067","D005340"
"5970413","D005340"
"4908593","D005347"
"11161714","D005347"
"10482316","D005355"
"8693074","D005374"
"9010603","D005415"
"29186656","D005453"
"18767784","D005453"
"22690918","D005453"
"19496989","D005453"
"17054929","D005456"
"9303526","D005456"
"10611079","D005456"
"7578053","D005456"
"7681666","D005456"
"1885682","D005504"
"17161513","D005504"
"23108291","D005504"
"1885682","D005506"
"22163039","D005506"
"32512787","D005516"
"22163039","D005516"
"19850735","D005527"
"21817894","D005538"
"2762612","D005542"
"15759103","D005544"
"26732689","D005544"
"18754462","D005615"
"28262604","D005618"
"4957595","D005620"
"27533650","D005638"
"6853253","D005720"
"22492603","D005720"
"7455179","D005720"
"26078560","D005746"
"30977301","D005782"
"3469660","D005786"
"8968091","D005786"
"30009832","D005786"
"16862175","D005786"
"18676825","D005786"
"30941732","D005786"
"8943343","D005786"
"22240003","D005786"
"32663792","D005786"
"23131062","D005786"
"17471935","D005786"
"3768954","D005786"
"26263535","D005786"
"12370427","D005786"
"21385539","D005787"
"23157875","D005787"
"23225057","D005787"
"20308029","D005787"
"3469660","D005796"
"406833","D005796"
"2991195","D005796"
"9692215","D005798"
"2991195","D005798"
"11094276","D005798"
"33401101","D005798"
"7867937","D005800"
"2555370","D005803"
"12370427","D005810"
"8027539","D005822"
"15890953","D005822"
"16091861","D005838"
"21871227","D005838"
"9345098","D005838"
"29279960","D005838"
"21385539","D005838"
"23506213","D005838"
"24116192","D005838"
"8656503","D005838"
"8651305","D005838"
"16029440","D005838"
"25755013","D005838"
"23225057","D005838"
"2991195","D005838"
"1318539","D005865"
"16725260","D005865"
"6807105","D005919"
"4204415","D005932"
"391468","D006019"
"24561590","D006031"
"875896","D006040"
"14070601","D006097"
"391468","D006128"
"8864865","D006131"
"1742082","D006207"
"3144535","D006207"
"16236038","D006207"
"12657485","D006207"
"238018","D006207"
"31148392","D006207"
"2762612","D006225"
"11771132","D006238"
"16029440","D006239"
"29279960","D006239"
"16020494","D006239"
"8651305","D006239"
"19678865","D006239"
"16307415","D006239"
"19073356","D006256"
"16438220","D006266"
"16438220","D006293"
"8527830","D006323"
"6195468","D006325"
"10716628","D006358"
"4617756","D006358"
"2968978","D006358"
"1661550","D006358"
"26263535","D006358"
"22479348","D006367"
"29080842","D006367"
"26507661","D006367"
"11161714","D006367"
"8962930","D006400"
"2800843","D006439"
"2633813","D006439"
"3414100","D006439"
"1617995","D006439"
"31659082","D006461"
"13230663","D006470"
"5294843","D006471"
"2949003","D006499"
"18431453","D006579"
"14024987","D006633"
"14024987","D006634"
"6117873","D006706"
"18765227","D006706"
"8651305","D006720"
"16091861","D006720"
"23085445","D006790"
"14996691","D006795"
"30645746","D006798"
"33694283","D006799"
"33694283","D006813"
"9592861","D006825"
"22690918","D006860"
"10823710","D006860"
"14499577","D006860"
"15025476","D006860"
"27630053","D006863"
"22690918","D006863"
"2197013","D006863"
"1402389","D006863"
"1366943","D006863"
"28875401","D006863"
"2555370","D006863"
"9440048","D006863"
"12794","D006863"
"16744","D006863"
"6807105","D006863"
"8162962","D006863"
"15067492","D006863"
"11229609","D006863"
"18331381","D006863"
"29100931","D006863"
"238018","D006863"
"20798967","D006863"
"11216647","D006863"
"4588310","D006863"
"24832672","D006863"
"15025476","D006863"
"11999117","D006863"
"26651970","D006865"
"28664213","D006868"
"1366943","D006868"
"1333156","D006868"
"2968125","D006868"
"7140969","D006868"
"23108291","D006868"
"5294843","D006935"
"25041539","D006946"
"2166443","D006967"
"11967266","D006984"
"10926866","D006984"
"13458384","D007008"
"4230602","D007106"
"3089765","D007106"
"4957595","D007106"
"18261681","D007107"
"6114926","D007108"
"23071280","D007111"
"14061045","D007202"
"8136028","D007202"
"25055714","D007220"
"25358091","D007227"
"13327540","D007239"
"29705641","D007249"
"4906325","D007259"
"4102590","D007305"
"22479665","D007305"
"32795742","D007333"
"27533650","D007371"
"6853253","D007399"
"17227706","D007406"
"4765886","D007408"
"6092741","D007408"
"31036888","D007422"
"3881800","D007427"
"16020494","D007438"
"7867937","D007438"
"13582540","D007515"
"3722123","D007526"
"2554933","D007536"
"403993","D007583"
"6853253","D007583"
"31864786","D007627"
"4908593","D007668"
"11964563","D007700"
"27630053","D007700"
"20267280","D007700"
"22690918","D007700"
"1402389","D007700"
"1402649","D007700"
"22253796","D007700"
"24530967","D007700"
"12388668","D007700"
"14993658","D007700"
"4617756","D007700"
"7433109","D007700"
"12039965","D007700"
"3023399","D007700"
"3069132","D007700"
"9370183","D007700"
"8367475","D007700"
"12794","D007700"
"20047308","D007700"
"3722123","D007700"
"29317104","D007700"
"6807105","D007700"
"31748890","D007700"
"1333156","D007700"
"24252294","D007700"
"31945435","D007700"
"4386919","D007700"
"11771132","D007700"
"20798967","D007700"
"11216647","D007700"
"1897935","D007700"
"6373752","D007700"
"15337840","D007700"
"15025476","D007700"
"812581","D007700"
"15260781","D007700"
"31396019","D007700"
"16438220","D007722"
"1582954","D007774"
"27571019","D007814"
"33395712","D007830"
"30941732","D007858"
"875896","D007880"
"3397400","D007942"
"33694283","D007958"
"23046763","D007958"
"27966026","D007958"
"16459243","D008016"
"34515911","D008016"
"16487913","D008019"
"25741759","D008024"
"19496989","D008024"
"17261178","D008024"
"1791916","D008027"
"28986763","D008027"
"12359180","D008027"
"22238663","D008027"
"4386919","D008027"
"31319215","D008031"
"9345098","D008040"
"10091631","D008040"
"8651305","D008040"
"3753904","D008051"
"27533650","D008070"
"30941732","D008070"
"9739171","D008070"
"1093473","D008070"
"18431453","D008126"
"4908593","D008168"
"18897549","D008175"
"869990","D008180"
"21149485","D008207"
"8027539","D008213"
"9345098","D008214"
"8864865","D008222"
"34852444","D008372"
"27166628","D008390"
"17900359","D008423"
"26975829","D008426"
"17170309","D008431"
"391468","D008431"
"32096367","D008516"
"26645522","D008516"
"10611079","D008540"
"12763632","D008564"
"8162962","D008564"
"30689338","D008567"
"7229001","D008598"
"4906325","D008598"
"11133163","D008648"
"10530769","D008658"
"19073356","D008669"
"10611079","D008677"
"33694283","D008685"
"7693457","D008745"
"6240491","D008745"
"12848103","D008833"
"5530862","D008833"
"9010603","D008861"
"19850735","D008892"
"4281532","D008968"
"3271519","D008968"
"29186656","D008968"
"30342276","D008968"
"15373476","D008968"
"10823710","D008968"
"14499577","D008968"
"25087588","D008968"
"27630053","D008970"
"9443809","D008970"
"3023399","D008970"
"3722123","D008970"
"467641","D008970"
"6250829","D008970"
"17521167","D008970"
"6935690","D008970"
"28335714","D009024"
"10091631","D009030"
"23394783","D009030"
"8521596","D009035"
"26836236","D009042"
"30941732","D009043"
"20047308","D009068"
"2572137","D009119"
"34041615","D009147"
"9345098","D009154"
"27571019","D009154"
"29186656","D009154"
"6818794","D009154"
"14832197","D009154"
"4559823","D009154"
"17041896","D009154"
"28160000","D009154"
"33479216","D009154"
"23394783","D009154"
"30369365","D009154"
"25737243","D009154"
"3069132","D009154"
"20047308","D009154"
"31748890","D009154"
"16020494","D009154"
"17261178","D009154"
"29444910","D009154"
"16095611","D009154"
"32913252","D009154"
"27639435","D009154"
"4957595","D009186"
"3673228","D009200"
"17054929","D009200"
"30336838","D009203"
"15573651","D009262"
"25551641","D009316"
"2977994","D009318"
"11746380","D009336"
"683586","D009336"
"9378467","D009336"
"15975520","D009361"
"20339947","D009361"
"18897549","D009362"
"4372886","D009362"
"21058881","D009362"
"8968091","D009362"
"27705948","D009362"
"25664394","D009362"
"27966026","D009362"
"12831921","D009364"
"13765193","D009369"
"3958246","D009416"
"17170309","D009433"
"15239592","D009433"
"28416811","D009435"
"5294843","D009461"
"9345098","D009503"
"8651305","D009679"
"2555370","D009690"
"18954000","D009690"
"3270525","D009690"
"16095611","D009690"
"3469660","D009693"
"7433109","D009693"
"28118564","D009693"
"22798646","D009693"
"13902677","D009752"
"28712682","D009753"
"2968125","D009757"
"3483196","D009784"
"21037063","D009799"
"6316123","D009876"
"11316764","D009928"
"12943709","D009928"
"28335714","D009928"
"149679","D009929"
"19850735","D009929"
"317898","D009929"
"17200687","D009929"
"17333437","D009929"
"9010603","D009994"
"5822046","D009994"
"4281532","D009995"
"17054929","D009997"
"17352382","D009997"
"21365845","D010006"
"34342173","D010012"
"23351058","D010064"
"27639435","D010064"
"12784864","D010084"
"3087366","D010084"
"11339231","D010084"
"15373476","D010084"
"29317104","D010084"
"26359117","D010084"
"10578489","D010084"
"24673906","D010084"
"1897935","D010084"
"24832672","D010084"
"10926866","D010084"
"26415532","D010084"
"9398336","D010085"
"391468","D010101"
"13050917","D010120"
"34041615","D010146"
"4282135","D010146"
"27012657","D010209"
"13980950","D010276"
"11353855","D010300"
"10611079","D010312"
"4588310","D010313"
"25923384","D010314"
"14531923","D010314"
"24101870","D010316"
"31169439","D010316"
"12681118","D010316"
"31855688","D010316"
"19850735","D010349"
"7570142","D010353"
"10169873","D010353"
"20025378","D010379"
"3270525","D010441"
"1791916","D010507"
"34342173","D010519"
"5822046","D010539"
"11914908","D010539"
"18331381","D010539"
"16137865","D010555"
"6114926","D010587"
"7993662","D010641"
"9345098","D010641"
"29279960","D010641"
"30941732","D010641"
"17041896","D010641"
"31980432","D010641"
"28335714","D010641"
"29444910","D010641"
"23394783","D010641"
"19422761","D010641"
"10716628","D010766"
"16904664","D010766"
"27744118","D010766"
"7559499","D010766"
"1742082","D010766"
"23246481","D010766"
"1333156","D010766"
"18296656","D010766"
"9115718","D010766"
"11967266","D010766"
"18765227","D010766"
"19761758","D010766"
"32913252","D010766"
"26507661","D010766"
"10926866","D010766"
"17722927","D010782"
"17357025","D010788"
"4386919","D010788"
"22798646","D010802"
"15247391","D010802"
"22350156","D010802"
"12943709","D010802"
"28335714","D010802"
"7630380","D010802"
"16175498","D010913"
"13230663","D010920"
"13981507","D010938"
"11094276","D010957"
"7681666","D010957"
"2991195","D010957"
"3768954","D010957"
"5134487","D010973"
"9648702","D011058"
"34342173","D011091"
"30645746","D011092"
"2968125","D011093"
"25716024","D011095"
"23571259","D011108"
"1366943","D011109"
"8651305","D011110"
"17521167","D011110"
"20308029","D011110"
"12052257","D011110"
"21385539","D011110"
"23157875","D011110"
"34515911","D011110"
"939046","D011137"
"12848103","D011138"
"15549617","D011138"
"15242131","D011157"
"15688216","D011157"
"29124992","D011183"
"4204415","D011206"
"18876915","D011208"
"12681118","D011208"
"10233019","D011247"
"17170309","D011247"
"1318539","D011247"
"13230663","D011247"
"33115775","D011247"
"33259782","D011247"
"7965226","D011247"
"750252","D011247"
"391468","D011247"
"12656313","D011247"
"149679","D011247"
"4906325","D011247"
"2088914","D011247"
"2497643","D011247"
"10757258","D011247"
"1321769","D011247"
"29031714","D011247"
"31920001","D011247"
"1227833","D011247"
"3182974","D011247"
"16311888","D011247"
"17900359","D011247"
"6133073","D011247"
"1582954","D011247"
"1958805","D011247"
"15004861","D011247"
"4003992","D011247"
"25138113","D011247"
"22074933","D011247"
"6786492","D011247"
"27639435","D011247"
"4003992","D011248"
"18754462","D011312"
"888067","D011312"
"4588310","D011312"
"32126883","D011312"
"16628750","D011359"
"8367475","D011401"
"18704524","D011401"
"22350156","D011401"
"23506213","D011401"
"17261178","D011401"
"29080842","D011401"
"8620881","D011401"
"15295132","D011477"
"25440714","D011485"
"23896639","D011485"
"24530967","D011485"
"7559499","D011485"
"7702048","D011485"
"14993658","D011485"
"18483777","D011485"
"9398336","D011485"
"17690786","D011485"
"16946739","D011485"
"31939462","D011485"
"17471935","D011485"
"31964836","D011485"
"18676825","D011485"
"14646132","D011485"
"7559499","D011487"
"21942911","D011487"
"23863933","D011487"
"11969401","D011487"
"19761758","D011487"
"6250829","D011487"
"14646132","D011487"
"11807253","D011487"
"27630053","D011489"
"9440048","D011489"
"31945435","D011489"
"6250829","D011489"
"8136028","D011499"
"26790532","D011499"
"10716628","D011499"
"10926866","D011499"
"25923384","D011517"
"3469660","D011519"
"9482406","D011519"
"11542133","D011522"
"22690918","D011522"
"25737243","D011522"
"149679","D011555"
"7570142","D011612"
"11097077","D011613"
"11235487","D011613"
"7570142","D011613"
"3753904","D011663"
"4070523","D011674"
"13726098","D011680"
"8527830","D011786"
"1885682","D011786"
"11807253","D011786"
"12831921","D011788"
"20031007","D011788"
"8070014","D011788"
"30601356","D011788"
"16270009","D011788"
"4908593","D011819"
"28262604","D011829"
"22492603","D011830"
"6853253","D011836"
"7150728","D011837"
"22492603","D011839"
"7455179","D011851"
"33578032","D011884"
"17227706","D011890"
"21636107","D011891"
"8968091","D011905"
"16029440","D011995"
"6195290","D011995"
"26775143","D012008"
"25669332","D012026"
"24202439","D012038"
"9257020","D012038"
"8620881","D012045"
"9499280","D012075"
"10091631","D012075"
"6716673","D012075"
"6365362","D012082"
"15534367","D012091"
"15890953","D012093"
"23157875","D012150"
"30369365","D012160"
"12602750","D012187"
"17522629","D012201"
"4953947","D012204"
"6053315","D012256"
"4372886","D012272"
"32663792","D012323"
"17471935","D012323"
"26004081","D012326"
"14351345","D012417"
"28712682","D012574"
"2949003","D012598"
"32119974","D012621"
"24185059","D012621"
"1791916","D012621"
"1239","D012621"
"33694283","D012621"
"5649323","D012621"
"19596111","D012641"
"20025378","D012649"
"12923655","D012650"
"22255525","D012680"
"25737243","D012680"
"19264243","D012680"
"15067492","D012680"
"15722999","D012680"
"1958805","D012680"
"12408656","D012680"
"10471071","D012680"
"32393081","D012680"
"19776566","D012680"
"28671508","D012680"
"26008874","D012680"
"7630380","D012680"
"16029440","D012689"
"8620881","D012689"
"812581","D012722"
"32795742","D012727"
"11964563","D012727"
"9833947","D012727"
"10785526","D012727"
"30941732","D012727"
"2134524","D012727"
"32096367","D012769"
"1076819","D012826"
"16946739","D012854"
"14070601","D012867"
"34041615","D012890"
"4417760","D012900"
"14349339","D012906"
"2412876","D012907"
"16487913","D012907"
"16459243","D012917"
"20025378","D012919"
"15885142","D012925"
"20025378","D012931"
"17900359","D012959"
"11097077","D012959"
"34852444","D012987"
"11665604","D012995"
"18754462","D012995"
"25037433","D012995"
"4765886","D012995"
"31169439","D012995"
"12681118","D012995"
"3722123","D012995"
"20174990","D012995"
"15067492","D012995"
"12519705","D012995"
"812581","D012995"
"20982644","D012996"
"10817661","D012996"
"11969401","D012996"
"18767784","D012996"
"238018","D012996"
"22690918","D012997"
"6053315","D012997"
"8968091","D013045"
"5440302","D013045"
"18704524","D013045"
"28986763","D013045"
"6117439","D013045"
"19678865","D013045"
"32639672","D013045"
"2991195","D013045"
"31096392","D013045"
"10933756","D013047"
"21289464","D013091"
"28335714","D013091"
"2088914","D013217"
"31319215","D013227"
"7071089","D013237"
"17608484","D013237"
"21989537","D013237"
"15373476","D013237"
"17877404","D013237"
"16106702","D013237"
"14499577","D013237"
"25087588","D013237"
"4230602","D013268"
"5144756","D013268"
"5822046","D013268"
"6195468","D013268"
"21365845","D013314"
"1378901","D013329"
"16782336","D013329"
"34325596","D013329"
"11408180","D013329"
"8904813","D013329"
"7681666","D013329"
"29621148","D013329"
"32913252","D013329"
"19822165","D013329"
"7140969","D013329"
"1366943","D013379"
"28875401","D013379"
"12039965","D013379"
"8636105","D013379"
"23863933","D013379"
"29317104","D013379"
"9115718","D013379"
"8651305","D013379"
"26507661","D013379"
"17091155","D013499"
"12519705","D013499"
"31855688","D013499"
"25723419","D013499"
"15260781","D013499"
"6547063","D013500"
"29101877","D013501"
"17590255","D013550"
"9345098","D013577"
"30264282","D013599"
"4765886","D013607"
"31169439","D013607"
"12519705","D013678"
"7270775","D013690"
"14354990","D013696"
"17091155","D013696"
"27630053","D013696"
"17357025","D013696"
"21817894","D013696"
"4617756","D013696"
"17243001","D013696"
"31169439","D013696"
"20047308","D013696"
"15067492","D013696"
"12519705","D013696"
"33694283","D013696"
"15534367","D013698"
"30689338","D013718"
"19507470","D013745"
"30977301","D013810"
"21942911","D013816"
"3753904","D013816"
"11969401","D013816"
"19245307","D013995"
"24967988","D013996"
"18400258","D013997"
"24202439","D013997"
"22690918","D013997"
"17054929","D013997"
"28664213","D013997"
"1359998","D013997"
"1402389","D013997"
"1402649","D013997"
"2265253","D013997"
"15369835","D013997"
"19296176","D013997"
"17590255","D013997"
"1989088","D013997"
"3414100","D013997"
"4230602","D013997"
"6754421","D013997"
"15733521","D013997"
"17243001","D013997"
"17301074","D013997"
"20164347","D013997"
"9370183","D013997"
"1273830","D013997"
"5822046","D013997"
"1791916","D013997"
"5134487","D013997"
"6818794","D013997"
"20174990","D013997"
"3089765","D013997"
"8521596","D013997"
"21905250","D013997"
"22077317","D013997"
"3160446","D013997"
"16744","D013997"
"875896","D013997"
"6853253","D013997"
"19245307","D013997"
"11959206","D013997"
"14551237","D013997"
"6740836","D013997"
"11229609","D013997"
"4559823","D013997"
"3708546","D013997"
"5101995","D013997"
"18261681","D013997"
"18767784","D013997"
"19225113","D013997"
"238018","D013997"
"19457454","D013997"
"19700095","D013997"
"30601356","D013997"
"4003992","D013997"
"5305344","D013997"
"29461786","D013997"
"3958246","D013997"
"52074","D013997"
"12657485","D014018"
"7666191","D014018"
"21294543","D014018"
"26008874","D014018"
"8521596","D014028"
"3463417","D014100"
"22350156","D014158"
"29080842","D014158"
"16862175","D014158"
"8620881","D014158"
"17440058","D014162"
"14993658","D014162"
"16822850","D014162"
"22304497","D014162"
"8027539","D014162"
"11161714","D014162"
"22208979","D014169"
"6363528","D014169"
"6653888","D014176"
"31036888","D014176"
"4230602","D014176"
"32663792","D014176"
"9482406","D014178"
"31659082","D014186"
"12633862","D014407"
"15975520","D014407"
"28885675","D014407"
"11027434","D014407"
"29444910","D014407"
"9438389","D014407"
"10935477","D014407"
"3001186","D014466"
"4906325","D014466"
"10611079","D014466"
"4559823","D014466"
"2991195","D014466"
"16642632","D014486"
"31165448","D014507"
"13230663","D014592"
"13230663","D014599"
"29279960","D014644"
"19587794","D014644"
"22163039","D014644"
"19700095","D014654"
"13902677","D014675"
"27878800","D014680"
"5530862","D014688"
"17690786","D014732"
"10716628","D014774"
"11094276","D014774"
"33662449","D014779"
"29864534","D014779"
"25946071","D014779"
"31169439","D014783"
"15242131","D014835"
"32345986","D014835"
"18754462","D014872"
"21636107","D014872"
"15242131","D014872"
"29101877","D014874"
"17206239","D014881"
"32096367","D014882"
"6222712","D014914"
"34785197","D014920"
"14070601","D014945"
"19507470","D014945"
"34342173","D014945"
"9257020","D014945"
"10091631","D014960"
"17091155","D014961"
"4281532","D014961"
"9482406","D015321"
"10430043","D015345"
"22690918","D015394"
"16782336","D015394"
"24530967","D015394"
"17608484","D015394"
"11408180","D015394"
"21989537","D015394"
"15373476","D015394"
"17877404","D015394"
"23592596","D015394"
"20798967","D015394"
"18294619","D015394"
"29621148","D015394"
"24561590","D015394"
"10716628","D015398"
"17170309","D015398"
"23251543","D015398"
"33607128","D015398"
"30009832","D015398"
"28009297","D015398"
"16822850","D015398"
"17261178","D015398"
"29080842","D015398"
"32218782","D015398"
"24574766","D015398"
"8027539","D015398"
"23351058","D015398"
"31071675","D015398"
"32913252","D015398"
"21384315","D015398"
"7575356","D015398"
"18347417","D015415"
"18261681","D015415"
"29076089","D015415"
"28087327","D015415"
"30276729","D015415"
"28671508","D015415"
"15585756","D015431"
"28661984","D015444"
"18981938","D015444"
"17266632","D015444"
"14572176","D015519"
"33578032","D015519"
"9257020","D015519"
"16862175","D015533"
"18765227","D015536"
"23131062","D015536"
"26263535","D015536"
"11133163","D015536"
"11133163","D015723"
"15890953","D015750"
"8651305","D015810"
"15975520","D015815"
"8864865","D015850"
"33607128","D015854"
"27744118","D015854"
"27870587","D015854"
"18296656","D015854"
"23351058","D015854"
"26263535","D015854"
"24561590","D015870"
"9459622","D015870"
"11353855","D015870"
"18677652","D015870"
"22304497","D015870"
"17261178","D015964"
"29080842","D015972"
"24899388","D015972"
"8968091","D015972"
"10646846","D015972"
"19057672","D015972"
"26642897","D015972"
"31659640","D015972"
"9370183","D015992"
"33259782","D015992"
"23129724","D015992"
"31920001","D015992"
"19604521","D015992"
"16487913","D015992"
"31333117","D015992"
"29189047","D015992"
"16725260","D016009"
"17900359","D016009"
"19604521","D016017"
"19491987","D016017"
"23157875","D016017"
"30342276","D016062"
"31855688","D016062"
"9482406","D016147"
"21871227","D016172"
"28087327","D016176"
"11967266","D016193"
"16862175","D016196"
"3414100","D016276"
"9398336","D016296"
"15738140","D016366"
"11094276","D016366"
"7867937","D016366"
"12388668","D016466"
"22479348","D016475"
"17538711","D016475"
"18897549","D016609"
"17521167","D016678"
"30276729","D016678"
"12784864","D016922"
"26263535","D016923"
"33226267","D017060"
"28661984","D017079"
"23129724","D017097"
"8136028","D017124"
"23251543","D017209"
"18296656","D017209"
"28885675","D017209"
"32218782","D017209"
"9438389","D017209"
"10926866","D017209"
"15129877","D017325"
"31980432","D017344"
"28335714","D017344"
"18841495","D017353"
"9692215","D017353"
"7575356","D017354"
"11094276","D017354"
"26790532","D017368"
"18704524","D017384"
"8651305","D017384"
"11094276","D017384"
"8136028","D017386"
"8620881","D017386"
"17521167","D017386"
"7867937","D017386"
"11133163","D017386"
"7575356","D017433"
"25440714","D017433"
"11327815","D017433"
"20047308","D017433"
"11969401","D017433"
"10948500","D017433"
"9440048","D017434"
"11161714","D017434"
"25440714","D017434"
"22054221","D017434"
"11327815","D017434"
"16822850","D017434"
"31864786","D017439"
"12359180","D017440"
"31945435","D017510"
"25737243","D017510"
"11327815","D017510"
"23863933","D017510"
"17900359","D017533"
"16209096","D017575"
"17496700","D017677"
"17301074","D017698"
"20365142","D017709"
"15852959","D017752"
"27655763","D017753"
"26359117","D017756"
"25723419","D017785"
"3722123","D017830"
"14993658","D017930"
"9345098","D017931"
"15247391","D017931"
"8651305","D017931"
"19678865","D017931"
"10471071","D017931"
"19822165","D017931"
"26836236","D018023"
"8620881","D018076"
"17261178","D018085"
"23271408","D018095"
"17660701","D018384"
"32054680","D018384"
"17352382","D018384"
"17333437","D018384"
"18400258","D018384"
"24895238","D018384"
"23086010","D018384"
"29491273","D018384"
"24673906","D018384"
"15242131","D018441"
"22163039","D018441"
"8968091","D018450"
"10091631","D018450"
"10646846","D018450"
"21905250","D018450"
"10450814","D018450"
"22543566","D018450"
"26595728","D018450"
"31618253","D018506"
"22350156","D018506"
"9322759","D018507"
"21093432","D018507"
"15852959","D018533"
"15242131","D018533"
"15688216","D018533"
"19073356","D018533"
"27655763","D018533"
"13981507","D018547"
"17496700","D018639"
"28712682","D018673"
"23085445","D018716"
"8050463","D018727"
"11971165","D018734"
"18954000","D018741"
"12370427","D018741"
"6106551","D018756"
"9110077","D018791"
"8656503","D018791"
"22824633","D018791"
"1711354","D018801"
"21817894","D018805"
"10935477","D018874"
"19678865","D018895"
"14993658","D018909"
"19422761","D018911"
"23351058","D018919"
"13201021","D018926"
"14024987","D018926"
"15890953","D018928"
"1711354","D019002"
"22614782","D019008"
"28885675","D019008"
"24185059","D019015"
"12784864","D019015"
"24025211","D019055"
"9398336","D019069"
"28335714","D019143"
"31748890","D019149"
"22208979","D019151"
"26004081","D019175"
"18841495","D019175"
"10983763","D019275"
"21149485","D019275"
"24967988","D019279"
"11327815","D019281"
"23271408","D019398"
"18981938","D019518"
"33468514","D019518"
"16236038","D019540"
"18981938","D019540"
"14993658","D019556"
"16822850","D019556"
"17041896","D019556"
"9110077","D019562"
"25946071","D019562"
"22824633","D019562"
"15939855","D019587"
"22398393","D019587"
"33781873","D019587"
"12923655","D019587"
"17181889","D019587"
"15534367","D019680"
"12196536","D019680"
"31071675","D019899"
"22208979","D019921"
"32512787","D019936"
"18676825","D019942"
"23928532","D019943"
"20982644","D019999"
"26836236","D020010"
"18841495","D020022"
"23225057","D020022"
"23271408","D020022"
"23157875","D020022"
"11094276","D020079"
"15549617","D020099"
"28009297","D020125"
"26078560","D020127"
"24895238","D020128"
"33202703","D020128"
"11408180","D020128"
"11327815","D020134"
"32428845","D020134"
"22240003","D020224"
"12370427","D020224"
"20025378","D020377"
"15917534","D020459"
"13230663","D020521"
"27533650","D020556"
"23506213","D020641"
"23225057","D020641"
"24116192","D020641"
"16029440","D020641"
"32943487","D020641"
"25755013","D020641"
"22240003","D020641"
"17161513","D020714"
"16822850","D020816"
"21120516","D020868"
"22304497","D020868"
"24202439","D021381"
"26790532","D021381"
"15295132","D021841"
"34342173","D023822"
"19842782","D024382"
"23271408","D024522"
"22350156","D024861"
"21397412","D024881"
"19596111","D024881"
"20889169","D024881"
"22479665","D024881"
"23896639","D024882"
"21871227","D024901"
"7678152","D025063"
"20164347","D026902"
"16020494","D031541"
"21294543","D031541"
"20798967","D032701"
"26549865","D032921"
"24967988","D033081"
"20634212","D034622"
"31980432","D034622"
"28335714","D034622"
"17064252","D034941"
"21636107","D035501"
"17170309","D036801"
"22487181","D037521"
"28764058","D038321"
"16438220","D040241"
"18467542","D041721"
"8968091","D042442"
"10935477","D042442"
"8968091","D042461"
"10935477","D042461"
"30342276","D044367"
"17243001","D044367"
"27655763","D044822"
"33479216","D045325"
"15688216","D045483"
"17440058","D045744"
"22253796","D045744"
"31036888","D045744"
"24101870","D045744"
"24530967","D045744"
"24899388","D045744"
"25037433","D045744"
"15917534","D045744"
"34325596","D045744"
"21989537","D045744"
"18952589","D045744"
"22242430","D045744"
"19457569","D045744"
"31939462","D045744"
"23506213","D045744"
"33252359","D045744"
"32346056","D045744"
"21129977","D045744"
"32376903","D045744"
"19457454","D045744"
"26642897","D045744"
"26386721","D045744"
"21519903","D045744"
"31659640","D045744"
"21294543","D045744"
"3182974","D047108"
"21093432","D047108"
"2616396","D048909"
"30009832","D049109"
"28885675","D049109"
"23351058","D049109"
"31071675","D049109"
"21289464","D049109"
"21519903","D049109"
"19822165","D049109"
"17091155","D049329"
"19604521","D049629"
"17170309","D049994"
"20267280","D050260"
"391468","D050260"
"29231711","D050356"
"391468","D050356"
"21384315","D050356"
"24446388","D053209"
"8968091","D053590"
"8864865","D053605"
"33965103","D053761"
"18400258","D053768"
"33965103","D053768"
"11133163","D053823"
"31165448","D053833"
"23251543","D053837"
"17333437","D053938"
"17448814","D054328"
"16782336","D054407"
"31964836","D054884"
"19850735","D055070"
"20365142","D055119"
"28416811","D055500"
"31945435","D055503"
"28335714","D055503"
"31945435","D055550"
"15688216","D055593"
"7071089","D055598"
"3271519","D055598"
"9440048","D055598"
"238018","D055598"
"7140969","D055598"
"22213467","D055620"
"15719138","D055724"
"22350156","D055864"
"33781873","D055951"
"21942911","D056004"
"24530967","D056004"
"29186656","D056004"
"20047308","D056004"
"32913252","D056004"
"26004081","D056426"
"9378467","D056486"
"31071675","D056747"
"32512787","D056747"
"31748890","D056804"
"29444910","D056915"
"22304497","D057809"
"33479216","D057809"
"26507661","D057809"
"11910311","D057911"
"23863933","D057927"
"25741759","D058105"
"29231711","D058185"
"25946071","D058507"
"9201259","D058668"
"24446388","D058728"
"17170309","D058785"
"17170309","D058787"
"31945435","D058849"
"26359117","D059013"
"30144808","D059016"
"29189047","D059168"
"26642897","D059585"
"34515911","D059647"
"27639435","D059785"
"25201398","D060526"
"24673906","D060833"
"24185059","D061005"
"28601587","D061212"
"27870587","D061307"
"29100931","D061353"
"23818369","D061986"
"26415532","D061986"
"24185059","D062065"
"29101877","D062065"
"13582540","D062312"
"28712682","D062410"
"12681118","D062787"
"23251543","D063154"
"26359117","D063366"
"13902677","D063427"
"33479216","D064113"
"29621148","D064210"
"19842782","D064420"
"32073202","D064866"
"18052280","D065093"
"16782336","D065100"
"7493642","D065108"
"16042982","D065130"
"16042982","D065131"
"29124992","D065287"
"17846860","D065366"
"30977301","D065546"
"31169439","D065546"
"31855688","D065546"
"33694283","D065948"
"28601587","D065855"
"18876915","D003101"
"27655763","D003247"
"16137865","D006304"
"1989088","D006304"
"10780768","D011336"
"24677790","D012306"
"25551641","D012306"
"18841495","D012306"
"12681118","D012306"
"875896","D012306"
"26732689","D012306"
"10785526","D019229"
"17227706","D054042"
"32451885","D019220"
"15989415","D014933"
"11969401","D024742"
"16762278","D002345"
"7146142","D013391"
"9552817","D002180"
"7684185","D002759"
"94308","D003281"
"3178021","D004406"
"16595728","D005496"
"14705222","D006202"
"18619110","D006987"
"8816405","D013205"
"17643441","D013205"
"9552817","D013282"
"6735143","D015059"
"9459394","D015823"
"8609200","D016655"
"7882103","D016655"
"19585838","D023582"
"23179473","D051474"
"26027763","D055354"
"3290547","D000005"
"25128005","D000026"
"7618816","D000038"
"31604686","D000067531"
"31604686","D000067596"
"32931967","D000069196"
"32298529","D000069196"
"28291848","D000069343"
"29718959","D000071182"
"28387815","D000072657"
"31195130","D000077270"
"33780902","D000081015"
"34140485","D000086382"
"33780902","D000086382"
"9802688","D000152"
"9598976","D000177"
"31772164","D000180"
"26098438","D000200"
"2995778","D000224"
"3329167","D000230"
"17228136","D000230"
"32175626","D000230"
"4284349","D000230"
"21700631","D000230"
"7684185","D000230"
"6981321","D000236"
"25921632","D000236"
"12829631","D000273"
"4410028","D000273"
"21761602","D000273"
"23060103","D000276"
"2995778","D000302"
"4670772","D000310"
"4381686","D000311"
"4252830","D000311"
"1694489","D000311"
"2995778","D000312"
"1694489","D000313"
"4403056","D000317"
"32382156","D000319"
"4403056","D000319"
"28984650","D000319"
"3758262","D000320"
"11121948","D000322"
"23892148","D000327"
"21099276","D000327"
"17276753","D000329"
"4744180","D000336"
"3758245","D000344"
"14607942","D000347"
"680577","D000375"
"2583394","D000375"
"29897613","D000375"
"8069034","D000375"
"10452374","D000375"
"3060022","D000375"
"7621515","D000378"
"5126243","D000380"
"8138084","D000393"
"18461463","D000393"
"17613116","D000393"
"15910966","D000393"
"28671643","D000393"
"16642971","D000395"
"6714748","D000395"
"12133871","D000403"
"12595301","D000419"
"12933777","D000428"
"12933777","D000435"
"16698004","D000437"
"4663759","D000437"
"32471741","D000485"
"16642971","D000485"
"1702432","D000485"
"10447927","D000485"
"27423452","D000485"
"4326631","D000505"
"7684185","D000509"
"11329755","D000544"
"25832905","D000544"
"19585838","D000544"
"27357282","D000544"
"31286344","D000544"
"17211610","D000544"
"946409","D000546"
"17113556","D000550"
"11839357","D000567"
"4788202","D000628"
"4802945","D000653"
"11593044","D000679"
"17107243","D000697"
"23179473","D000700"
"10895193","D000700"
"11916771","D000701"
"12193491","D000701"
"30362203","D000701"
"2897971","D000701"
"29310135","D000701"
"11121948","D000707"
"30523628","D000707"
"4692132","D000707"
"14607942","D000721"
"24719121","D000726"
"14757778","D000728"
"34376277","D000740"
"16949463","D000740"
"10638130","D000741"
"4212813","D000747"
"6162734","D000747"
"13042489","D000752"
"4817129","D000777"
"22621414","D000777"
"23001292","D000778"
"6553490","D000787"
"27018196","D000799"
"22564510","D000803"
"23840884","D000804"
"4329188","D000804"
"12234793","D000804"
"22564510","D000804"
"6735143","D000804"
"7066597","D000804"
"3883810","D000804"
"12234793","D000806"
"22564510","D000806"
"29961187","D000821"
"23960120","D000821"
"19551394","D000848"
"15906391","D000856"
"1940191","D000863"
"3072663","D000863"
"5468225","D000863"
"647468","D000867"
"11776434","D000871"
"3604898","D000889"
"9659199","D000889"
"28357646","D000890"
"24485734","D000891"
"26502995","D000893"
"29307828","D000893"
"29710547","D000893"
"24225033","D000893"
"25127362","D000894"
"23217134","D000894"
"16357350","D000894"
"19683162","D000894"
"15932169","D000894"
"27089389","D000894"
"20806203","D000894"
"30006310","D000894"
"15932169","D000897"
"18198771","D000897"
"11145621","D000900"
"22900417","D000900"
"15174317","D000900"
"6666423","D000900"
"22806298","D000900"
"12579976","D000900"
"11776434","D000900"
"34364632","D000900"
"21450954","D000900"
"7296727","D000900"
"30386104","D000900"
"20053693","D000900"
"30182079","D000900"
"21606009","D000900"
"9802688","D000900"
"33000109","D000900"
"30351372","D000900"
"24450760","D000900"
"28502375","D000900"
"32175626","D000900"
"3513497","D000900"
"32653795","D000900"
"7868594","D000903"
"6210060","D000903"
"568906","D000921"
"8228282","D000922"
"16417252","D000922"
"26902330","D000924"
"27241696","D000924"
"32035125","D000925"
"10963174","D000925"
"2191813","D000925"
"5662426","D000925"
"29404750","D000925"
"23362493","D000927"
"8978334","D000927"
"27334607","D000928"
"19663259","D000928"
"1903446","D000928"
"22397066","D000928"
"4074107","D000929"
"8845282","D000929"
"29422160","D000932"
"18833976","D000933"
"9552817","D000935"
"9802688","D000935"
"18528699","D000938"
"18528699","D000939"
"18824157","D000941"
"23139179","D000941"
"105049","D000941"
"568906","D000942"
"90054","D000942"
"2481040","D000942"
"8816405","D000942"
"20374380","D000944"
"2059307","D000945"
"16380473","D000945"
"19017945","D000947"
"19017945","D000949"
"3121223","D000954"
"2481040","D000954"
"8609200","D000956"
"8101545","D000956"
"15834081","D000959"
"8547546","D000959"
"29495201","D000959"
"16967045","D000959"
"19635160","D000959"
"16671332","D000959"
"215174","D000960"
"19635160","D000960"
"4144467","D000961"
"11320331","D000962"
"26965857","D000962"
"8527105","D000962"
"2099253","D000962"
"21903285","D000964"
"29045939","D000964"
"20109545","D000970"
"28375864","D000970"
"29422160","D000970"
"16894403","D000970"
"15952596","D000970"
"22277588","D000970"
"20196574","D000970"
"30453142","D000970"
"31772164","D000970"
"26505792","D000970"
"24305418","D000970"
"10452374","D000970"
"15571462","D000970"
"26027763","D000970"
"21476015","D000970"
"28753879","D000970"
"18519543","D000972"
"18288423","D000972"
"15804541","D000975"
"26502995","D000975"
"29710547","D000975"
"24225033","D000975"
"15167813","D000975"
"21950491","D000975"
"10739230","D000978"
"29625424","D000978"
"14686757","D000978"
"8154329","D000991"
"1081558","D000992"
"8815710","D000998"
"11292644","D000998"
"5323296","D000998"
"19446659","D000998"
"31374578","D001007"
"26781213","D001007"
"7621515","D001007"
"11593044","D001007"
"8547546","D001012"
"6735143","D001013"
"10952325","D001013"
"10952325","D001018"
"30344255","D001021"
"30344255","D001024"
"4955818","D001064"
"3604898","D001145"
"29404750","D001157"
"16671332","D001158"
"28502375","D001170"
"26408898","D001172"
"25774060","D001172"
"4013729","D001172"
"6162734","D001172"
"30637604","D001172"
"294173","D001195"
"18317823","D001229"
"18421428","D001249"
"6243013","D001249"
"26502995","D001249"
"20626309","D001249"
"30860552","D001249"
"27423452","D001249"
"12133871","D001249"
"21993393","D001253"
"18824157","D001253"
"30348195","D001253"
"1849173","D001253"
"17555726","D001253"
"16008822","D001254"
"15993501","D001281"
"22704302","D001281"
"34376277","D001281"
"9659199","D001281"
"34445515","D001281"
"17107243","D001289"
"1377711","D001327"
"23215789","D001334"
"2583394","D001341"
"3290547","D001341"
"28526807","D001343"
"29718959","D001343"
"28398301","D001343"
"17613116","D001362"
"17458692","D001362"
"18307034","D001369"
"6966299","D001402"
"6969744","D001402"
"16076031","D001402"
"17623931","D001402"
"20374380","D001402"
"14607942","D001422"
"2005222","D001424"
"5126243","D001424"
"3914459","D001424"
"3312851","D001442"
"7618816","D001442"
"90054","D001442"
"32175626","D001471"
"8902194","D001485"
"8694708","D001485"
"3429505","D001515"
"26781213","D001522"
"287665","D001522"
"4384532","D001522"
"17458692","D001522"
"25316040","D001523"
"26854986","D001523"
"19821068","D001528"
"18176813","D001642"
"23252281","D001655"
"2973140","D001663"
"1491181","D001663"
"4802945","D001663"
"11916968","D001663"
"1741274","D001665"
"14530080","D001672"
"11394867","D001685"
"21697944","D001688"
"2597189","D001692"
"5040248","D001692"
"4647815","D001693"
"17716196","D001698"
"17716196","D001709"
"28502375","D001714"
"21898851","D001715"
"24640375","D001743"
"10739230","D001743"
"28398301","D001743"
"28753879","D001749"
"24305418","D001749"
"28398301","D001750"
"4788202","D001778"
"15932169","D001783"
"5634534","D001792"
"31258144","D001792"
"25316040","D001794"
"18176813","D001794"
"1694489","D001794"
"16967045","D001794"
"3548360","D001794"
"7700064","D001794"
"12595301","D001794"
"21184621","D001794"
"23001292","D001794"
"4237029","D001794"
"31772164","D001808"
"29961187","D001823"
"17446292","D001826"
"12604581","D001826"
"18176813","D001831"
"6734072","D001834"
"680577","D001835"
"17211610","D001835"
"7146142","D001835"
"20506690","D001835"
"29710547","D001835"
"1182411","D001835"
"4237029","D001835"
"15906391","D001835"
"11303347","D001842"
"4123970","D001842"
"2591400","D001842"
"13474760","D001842"
"14357399","D001842"
"21119624","D001842"
"6966299","D001853"
"4144467","D001853"
"3023059","D001853"
"1351599","D001853"
"19322020","D001854"
"17415477","D001854"
"16762278","D001859"
"20671553","D001859"
"6179684","D001859"
"28502375","D001883"
"12234793","D001916"
"22621414","D001917"
"27018196","D001920"
"2532856","D001920"
"15906391","D001921"
"19782665","D001921"
"32327187","D001921"
"19324278","D001921"
"20434133","D001921"
"10327418","D001921"
"23362493","D001921"
"17907001","D001921"
"125430","D001921"
"15345747","D001921"
"27357282","D001921"
"1903446","D001921"
"8592126","D001921"
"19585838","D001921"
"25921632","D001921"
"8361540","D001921"
"3758262","D001921"
"24712887","D001921"
"19064789","D001921"
"17458692","D001923"
"3914459","D001927"
"22922155","D001927"
"27357282","D001932"
"16008822","D001932"
"20514406","D001932"
"22293178","D001932"
"17374269","D001932"
"4013729","D001933"
"25119502","D001940"
"18507037","D001941"
"18507037","D001943"
"30659431","D001943"
"21080936","D001943"
"25119502","D001943"
"31772164","D001943"
"18035543","D001943"
"11459860","D001943"
"18421428","D001980"
"10712344","D001980"
"17064863","D001993"
"6243013","D001993"
"33000109","D002006"
"2846139","D002038"
"4372019","D002114"
"6494459","D002114"
"30344255","D002114"
"16776765","D002118"
"3548360","D002118"
"6981321","D002118"
"4364436","D002118"
"27015912","D002118"
"4372019","D002118"
"14357399","D002118"
"8069034","D002118"
"17695533","D002118"
"8638674","D002118"
"23060192","D002118"
"23092952","D002118"
"16622045","D002118"
"8592126","D002118"
"3846305","D002121"
"7618816","D002177"
"536734","D002249"
"7684185","D002272"
"1491181","D002272"
"16207943","D002273"
"20068160","D002273"
"5126243","D002277"
"23782053","D002277"
"26125698","D002277"
"21729023","D002280"
"11303347","D002289"
"21476015","D002292"
"20828919","D002292"
"27021586","D002292"
"26299508","D002292"
"34048096","D002294"
"26505792","D002294"
"16894403","D002294"
"28526807","D002294"
"15800904","D002294"
"28753879","D002295"
"18176813","D002302"
"20806203","D002305"
"32524978","D002311"
"9070558","D002316"
"19996964","D002316"
"27039905","D002318"
"25316040","D002318"
"23217134","D002318"
"19709498","D002318"
"19827648","D002318"
"6943670","D002318"
"34445515","D002319"
"16776765","D002327"
"12234793","D002339"
"10474040","D002339"
"32610324","D002339"
"19635160","D002339"
"19782665","D002340"
"19635160","D002340"
"32610324","D002340"
"3207013","D002343"
"10610693","D002356"
"10610693","D002358"
"11068068","D002371"
"31768658","D002384"
"19683162","D002386"
"1023503","D002418"
"1975775","D002421"
"25187106","D002446"
"14681993","D002448"
"8735569","D002448"
"21282970","D002448"
"21099276","D002448"
"6210060","D002453"
"17695533","D002453"
"20018196","D002453"
"27072241","D002453"
"18824157","D002454"
"3023059","D002454"
"30259399","D002454"
"3343891","D002455"
"8876655","D002462"
"2379186","D002462"
"10420360","D002462"
"1406457","D002462"
"8638674","D002462"
"5040248","D002462"
"11854036","D002462"
"16242915","D002462"
"11773621","D002462"
"108083","D002462"
"3090620","D002462"
"17376603","D002463"
"20514406","D002465"
"28498462","D002465"
"25119502","D002465"
"16436524","D002465"
"18824157","D002465"
"4425012","D002467"
"10868915","D002467"
"18307034","D002467"
"11455002","D002467"
"946409","D002467"
"11922564","D002468"
"26027763","D002470"
"34364632","D002470"
"22889124","D002470"
"20018196","D002470"
"28498462","D002470"
"33494284","D002471"
"24495799","D002482"
"25110128","D002482"
"8527105","D002482"
"1204807","D002490"
"16649092","D002524"
"15906391","D002531"
"10952325","D002536"
"18824157","D002540"
"17555726","D002540"
"30348195","D002540"
"17458692","D002540"
"15015451","D002540"
"19064789","D002543"
"15015451","D002545"
"17910781","D002545"
"31247349","D002545"
"2191813","D002546"
"8592126","D002552"
"10952325","D002560"
"19782665","D002560"
"9377369","D002561"
"7572640","D002561"
"10952325","D002561"
"2191813","D002561"
"10895193","D002583"
"23092952","D002584"
"5121633","D002611"
"16776765","D002614"
"17211610","D002614"
"8815710","D002644"
"27511901","D002690"
"698313","D002736"
"2615639","D002736"
"2973140","D002779"
"11329755","D002800"
"2234543","D002800"
"16436524","D002824"
"8550336","D002829"
"2068273","D002843"
"19211053","D002875"
"16537408","D002892"
"25988548","D002923"
"8592126","D002946"
"15834081","D003008"
"10739230","D003020"
"25832905","D003071"
"9237519","D003071"
"31286344","D003072"
"18575730","D003092"
"8652993","D003093"
"29710547","D003093"
"11922564","D003093"
"13363613","D003093"
"29710547","D003106"
"8652993","D003108"
"8652993","D003110"
"27089389","D003110"
"33963743","D003110"
"8652993","D003111"
"33041035","D003126"
"21700631","D003138"
"27334607","D003156"
"1430940","D003161"
"24722444","D003170"
"12234793","D003187"
"11269790","D003187"
"23155889","D003188"
"8963688","D003213"
"17613116","D003213"
"5831907","D003238"
"15028809","D003251"
"9560852","D003270"
"6890768","D003276"
"19709498","D003287"
"4647815","D003315"
"9459394","D003315"
"3846305","D003327"
"522134","D003327"
"11028512","D003327"
"2532856","D003329"
"2532856","D003331"
"7021611","D003358"
"7874120","D003360"
"6120315","D003371"
"8652993","D003424"
"3019538","D003432"
"14752007","D003434"
"24940779","D003451"
"27313137","D003451"
"4150445","D003456"
"24840535","D003456"
"10854230","D003470"
"19322020","D003470"
"25110128","D003470"
"11121948","D003473"
"16776765","D003481"
"31878961","D003550"
"17446292","D003550"
"26258786","D003586"
"9037268","D003586"
"17695533","D003593"
"26218748","D003593"
"15851778","D003594"
"8069034","D003600"
"4425012","D003600"
"18619110","D003665"
"17716196","D003692"
"31195130","D003692"
"4074107","D003702"
"29307828","D003711"
"23093787","D003713"
"19017945","D003713"
"18506885","D003713"
"9218594","D003713"
"16776765","D003747"
"28291848","D003764"
"23155889","D003764"
"24485734","D003773"
"23155889","D003776"
"24485734","D003802"
"24882700","D003863"
"27334607","D003863"
"4074107","D003866"
"30253005","D003872"
"7657449","D003875"
"18528699","D003876"
"23182761","D003876"
"22889124","D003876"
"30253005","D003879"
"9802688","D003881"
"26861651","D003902"
"3329167","D003919"
"25076074","D003920"
"29399716","D003920"
"11068068","D003920"
"22922155","D003920"
"11853363","D003920"
"32099032","D003920"
"20506690","D003921"
"23238478","D003921"
"17613116","D003921"
"1204807","D003921"
"23215789","D003922"
"28329772","D003922"
"4963129","D003922"
"2650387","D003922"
"15264752","D003922"
"16380473","D003922"
"21184621","D003924"
"9313749","D003924"
"31377732","D003924"
"19635160","D003924"
"1794265","D003924"
"34923473","D003924"
"32953879","D003924"
"27307175","D003924"
"24113215","D003924"
"22564510","D003924"
"21131340","D003924"
"28387815","D003925"
"17704603","D003925"
"31878961","D003925"
"23238478","D003928"
"16949463","D003928"
"2650387","D003929"
"24113215","D003930"
"25086184","D003930"
"2650387","D003930"
"30365904","D003967"
"22217657","D003967"
"4149615","D004032"
"29961187","D004032"
"33041035","D004032"
"11853363","D004040"
"25601973","D004041"
"2920942","D004042"
"1182411","D004044"
"16286971","D004129"
"33188282","D004129"
"30523628","D004202"
"31768658","D004202"
"3883810","D004231"
"19996964","D004232"
"16172430","D004232"
"20806203","D004232"
"4955818","D004238"
"4955818","D004240"
"29897613","D004249"
"21469750","D004260"
"14752007","D004260"
"10712344","D004261"
"16500699","D004283"
"3178021","D004283"
"22889124","D004337"
"4692132","D004342"
"17516259","D004345"
"8183300","D004351"
"8845282","D004364"
"17333392","D004364"
"24599407","D004364"
"21469750","D004365"
"33017723","D004365"
"23252281","D004365"
"18288423","D004365"
"15015451","D004365"
"11938932","D004365"
"3072663","D004381"
"20002943","D004381"
"10743137","D004388"
"7507451","D004396"
"23892148","D004396"
"29625424","D004409"
"16104952","D004415"
"18320315","D004415"
"5126243","D004432"
"17613116","D004435"
"70498","D004482"
"4326631","D004487"
"11189021","D004487"
"21898851","D004530"
"12234793","D004548"
"17907001","D004579"
"18698350","D004605"
"19552103","D004605"
"15345747","D004622"
"9354328","D004625"
"22217657","D004630"
"125430","D004644"
"22430575","D004660"
"1377711","D004681"
"15180373","D004702"
"10750035","D004717"
"30951376","D004717"
"19322020","D004721"
"16242915","D004721"
"18635952","D004721"
"9348528","D004721"
"4647815","D004727"
"10420360","D004728"
"8735569","D004730"
"10474040","D004730"
"28387815","D004730"
"4788202","D004731"
"29143178","D004731"
"10442090","D004734"
"15906391","D004734"
"20002943","D004751"
"5126243","D004756"
"24450760","D004756"
"7602104","D004768"
"32894442","D004785"
"15180373","D004785"
"17907001","D004789"
"16242915","D004789"
"10712344","D004790"
"17312972","D004791"
"21469750","D004791"
"18035543","D004791"
"8892864","D004791"
"20002943","D004802"
"18320315","D004804"
"17374269","D004806"
"16008822","D004815"
"25119502","D004815"
"8978334","D004827"
"3758262","D004827"
"23362493","D004828"
"18833976","D004844"
"20018196","D004847"
"31769335","D004847"
"10854230","D004847"
"23092952","D004847"
"12569655","D004847"
"5040248","D004848"
"4647815","D004848"
"6872152","D004848"
"23092952","D004848"
"10318841","D004910"
"24722444","D004912"
"234255","D004912"
"5449412","D004912"
"3935092","D004912"
"4696244","D004912"
"31258144","D004912"
"33440169","D004920"
"9020369","D004921"
"16949463","D004921"
"11854521","D004921"
"7618816","D004927"
"2481040","D004927"
"18519543","D004938"
"32175626","D004938"
"20302450","D004967"
"26999742","D004967"
"680577","D004967"
"16500699","D004971"
"7962395","D005050"
"17064863","D005079"
"18176813","D005082"
"7621515","D005106"
"125430","D005106"
"14681993","D005109"
"23599347","D005109"
"20187116","D005109"
"14530080","D005109"
"313982","D005110"
"29404750","D005121"
"2838564","D005121"
"7021611","D005123"
"18528699","D005123"
"20610817","D005170"
"27018196","D005174"
"27511901","D005187"
"21997755","D005234"
"16104952","D005243"
"24450760","D005243"
"34337044","D005263"
"10621829","D005265"
"15028809","D005268"
"4123970","D005269"
"26781213","D005298"
"30951376","D005298"
"11810644","D005312"
"6969744","D005312"
"6563981","D005315"
"6563981","D005333"
"4802945","D005333"
"10739230","D005334"
"30182079","D005334"
"237835","D005334"
"33000109","D005334"
"5366025","D005340"
"29623504","D005340"
"14607942","D005340"
"17910781","D005343"
"3654631","D005346"
"14530080","D005347"
"3654631","D005347"
"2068273","D005347"
"16894403","D005347"
"11455002","D005350"
"16894403","D005354"
"18698350","D005369"
"4752911","D005396"
"16417252","D005456"
"15571462","D005493"
"11320331","D005493"
"9802688","D005499"
"4149615","D005503"
"4752911","D005506"
"15906391","D005508"
"32471741","D005512"
"21950491","D005527"
"11269790","D005528"
"25076074","D005528"
"10739230","D005547"
"14693789","D005584"
"6179684","D005598"
"31768658","D005618"
"29559643","D005618"
"17822094","D005618"
"6138783","D005625"
"30523628","D005659"
"3312851","D005674"
"26098438","D005727"
"6185184","D005727"
"11189021","D005731"
"3072663","D005744"
"23252281","D005744"
"18320315","D005746"
"23252281","D005750"
"15932169","D005750"
"15932169","D005753"
"8501776","D005753"
"18198771","D005753"
"23252281","D005753"
"1940191","D005753"
"23252281","D005756"
"30365904","D005759"
"24018411","D005765"
"16357350","D005767"
"1023503","D005767"
"6666423","D005767"
"9778508","D005775"
"31195130","D005782"
"10327418","D005786"
"26098438","D005786"
"21119624","D005786"
"30348195","D005786"
"1741274","D005786"
"30951376","D005786"
"7868594","D005798"
"2643080","D005800"
"22968740","D005808"
"7868594","D005809"
"24305418","D005822"
"21119624","D005822"
"31286344","D005822"
"17005926","D005822"
"10582779","D005832"
"10582779","D005837"
"24136857","D005854"
"234255","D005880"
"647468","D005901"
"15834081","D005902"
"20514406","D005910"
"22293178","D005910"
"8638674","D005920"
"10854230","D005921"
"16157796","D005923"
"2995778","D005938"
"19683162","D005938"
"11310082","D005938"
"29467007","D006019"
"4235291","D006019"
"16242915","D006056"
"18635952","D006056"
"16595728","D006080"
"2665958","D006080"
"11028512","D006083"
"11310082","D006084"
"16380473","D006084"
"16380473","D006085"
"4144467","D006086"
"17949890","D006098"
"3023059","D006133"
"9972808","D006197"
"12834244","D006197"
"33055571","D006197"
"24712887","D006211"
"287665","D006213"
"33649360","D006213"
"6494459","D006225"
"14615080","D006225"
"1430940","D006230"
"18461463","D006255"
"9930356","D006258"
"2756306","D006258"
"16762278","D006258"
"5004735","D006321"
"15310701","D006321"
"25784619","D006321"
"5004735","D006331"
"12193491","D006331"
"12595301","D006332"
"16157796","D006332"
"15993501","D006333"
"32236720","D006333"
"12234793","D006333"
"19996964","D006333"
"3846305","D006333"
"2583394","D006339"
"23001292","D006339"
"5004735","D006339"
"12102453","D006339"
"15310701","D006352"
"10739230","D006358"
"2973140","D006377"
"1732447","D006408"
"17949890","D006412"
"2059307","D006412"
"6966299","D006412"
"3329167","D006423"
"11459860","D006433"
"23840884","D006439"
"23001292","D006439"
"5004735","D006439"
"8547546","D006439"
"3846305","D006439"
"16671332","D006439"
"2134624","D006463"
"29045939","D006470"
"10739230","D006471"
"4788202","D006499"
"4754964","D006509"
"11451417","D006514"
"18927587","D006521"
"16618406","D006528"
"4284349","D006528"
"17695533","D006528"
"7684185","D006528"
"15952596","D006528"
"16963102","D006540"
"6714748","D006540"
"10696778","D006540"
"18164145","D006556"
"8815710","D006561"
"15056884","D006561"
"4374450","D006566"
"3758245","D006614"
"28398301","D006614"
"22110700","D006624"
"18824157","D006624"
"17613116","D006624"
"6330621","D006624"
"15015451","D006624"
"7976791","D006632"
"4149615","D006634"
"18198771","D006635"
"1712816","D006636"
"30442118","D006679"
"3112243","D006680"
"3112243","D006681"
"23092952","D006706"
"3060022","D006728"
"23092952","D006728"
"15180373","D006728"
"2506080","D006728"
"2665958","D006728"
"4123970","D006811"
"7602104","D006825"
"32195984","D006849"
"24940779","D006860"
"23892148","D006863"
"1850365","D006929"
"16172430","D006929"
"20671553","D006934"
"27241696","D006937"
"30344255","D006937"
"19827648","D006937"
"4410028","D006937"
"25569270","D006938"
"27511737","D006942"
"19570342","D006943"
"19106747","D006943"
"32953879","D006943"
"11853363","D006943"
"14757778","D006946"
"4237029","D006948"
"215174","D006949"
"22270390","D006955"
"6981321","D006961"
"16207943","D006965"
"4149615","D006967"
"19821068","D006967"
"27423452","D006967"
"7657449","D006968"
"7700064","D006973"
"2822307","D006973"
"1850365","D006973"
"21184621","D006973"
"16967045","D006973"
"16172430","D006973"
"14757778","D006973"
"19635160","D006973"
"21884584","D006973"
"16157796","D006973"
"3548360","D006973"
"29495201","D006973"
"32099032","D006973"
"16671332","D006973"
"5567607","D006973"
"13265665","D006973"
"8547546","D006973"
"32382156","D006973"
"4211657","D006973"
"19049698","D006976"
"12595301","D006977"
"5567607","D006977"
"1351599","D006980"
"32848052","D006993"
"4149615","D006993"
"23215789","D007003"
"22806298","D007003"
"23215789","D007004"
"19570342","D007004"
"19635160","D007004"
"21131340","D007004"
"20506690","D007004"
"9313749","D007004"
"23238478","D007004"
"27307175","D007004"
"32327187","D007010"
"11269790","D007024"
"10696778","D007030"
"7621515","D007031"
"10696778","D007031"
"7146142","D007037"
"5040248","D007082"
"15028809","D007084"
"5040248","D007085"
"14615080","D007092"
"6966299","D007106"
"23093787","D007108"
"16380473","D007108"
"29467007","D007111"
"23182761","D007113"
"8816405","D007135"
"11451417","D007135"
"2591400","D007153"
"23060103","D007155"
"25128005","D007155"
"24174352","D007166"
"11922564","D007166"
"15264752","D007166"
"29399716","D007166"
"11189021","D007166"
"6969744","D007166"
"3060022","D007166"
"10638130","D007166"
"2591400","D007166"
"27511737","D007166"
"17276753","D007172"
"22270390","D007177"
"32327187","D007177"
"16776765","D007180"
"2987792","D007181"
"21697944","D007202"
"10526478","D007220"
"3207013","D007235"
"6666508","D007239"
"28387815","D007239"
"16500699","D007247"
"1363402","D007247"
"10582779","D007248"
"11189021","D007249"
"28280290","D007249"
"16949463","D007249"
"33329591","D007249"
"19821068","D007249"
"31863917","D007249"
"18320315","D007249"
"29143178","D007305"
"8718746","D007306"
"27313137","D007315"
"16671332","D007333"
"16085376","D007334"
"17696404","D007364"
"3019538","D007364"
"3112243","D007370"
"3121223","D007370"
"3112243","D007371"
"27511737","D007371"
"12819078","D007371"
"10447927","D007371"
"26258786","D007371"
"10327418","D007371"
"3121223","D007371"
"19446659","D007372"
"23182761","D007375"
"10327418","D007375"
"7602104","D007376"
"2973140","D007376"
"28280290","D007376"
"3121223","D007376"
"18506885","D007378"
"9070558","D007383"
"6734072","D007408"
"5139118","D007408"
"8501776","D007408"
"4955818","D007410"
"32471741","D007410"
"32931967","D007413"
"5139118","D007413"
"12325380","D007413"
"7882103","D007414"
"4372854","D007420"
"4372854","D007421"
"32931967","D007422"
"4788202","D007422"
"7882103","D007422"
"7741693","D007425"
"15834081","D007429"
"647468","D007429"
"8547546","D007431"
"29404750","D007511"
"11068068","D007515"
"16380473","D007515"
"10442090","D007537"
"25181367","D007576"
"5040248","D007583"
"2294150","D007583"
"6734072","D007583"
"22968740","D007589"
"6494459","D007592"
"18198771","D007592"
"20053693","D007592"
"2532856","D007610"
"8183300","D007613"
"6494459","D007642"
"16157796","D007668"
"23840884","D007668"
"31492507","D007668"
"4364436","D007668"
"24018411","D007668"
"4252830","D007668"
"5126243","D007668"
"4788202","D007668"
"25488427","D007668"
"17614757","D007668"
"2294150","D007668"
"7508204","D007668"
"23093787","D007668"
"4284349","D007668"
"23960120","D007668"
"19422261","D007668"
"16949463","D007668"
"5567607","D007668"
"24174352","D007668"
"30182079","D007669"
"3883810","D007671"
"2597189","D007672"
"19709498","D007674"
"31492507","D007674"
"24722444","D007674"
"11227121","D007676"
"16949463","D007676"
"22806298","D007676"
"24018411","D007676"
"10854230","D007678"
"3883810","D007678"
"21476015","D007680"
"20828919","D007680"
"27021586","D007680"
"8758854","D007684"
"5567607","D007684"
"8638674","D007687"
"2973140","D007694"
"3121223","D007694"
"4150445","D007713"
"30362203","D007744"
"31594136","D007753"
"10452374","D007758"
"29191464","D007814"
"19341272","D007814"
"34048096","D007822"
"14615080","D007839"
"29559643","D007877"
"8582508","D007889"
"19683162","D007903"
"5126243","D007938"
"3019538","D007939"
"3023059","D007942"
"1351599","D007953"
"33440169","D007962"
"2005222","D007962"
"3121223","D007963"
"23238478","D007963"
"20002943","D007964"
"16085376","D007985"
"15180373","D008018"
"24495799","D008031"
"31743701","D008031"
"5931985","D008046"
"24940779","D008051"
"31195130","D008051"
"22922155","D008064"
"17446292","D008070"
"9820649","D008070"
"10327418","D008070"
"29467007","D008070"
"4425012","D008099"
"4371721","D008099"
"2995012","D008099"
"25488427","D008099"
"20506690","D008099"
"8876655","D008099"
"2294150","D008099"
"2973140","D008099"
"22751103","D008099"
"10736419","D008099"
"11854036","D008099"
"21119624","D008099"
"27511737","D008099"
"20610817","D008099"
"23960120","D008099"
"15804541","D008099"
"946409","D008099"
"19422261","D008099"
"237835","D008099"
"24225033","D008099"
"21997755","D008099"
"4754964","D008099"
"11310082","D008099"
"17351323","D008099"
"29675569","D008099"
"4252830","D008099"
"1491181","D008103"
"32471116","D008103"
"11853363","D008103"
"4663759","D008107"
"11916968","D008107"
"17695533","D008113"
"15952596","D008113"
"16618406","D008113"
"7684185","D008113"
"3343891","D008114"
"3758245","D008124"
"3758262","D008125"
"28984650","D008133"
"29897613","D008136"
"21499104","D008160"
"4744180","D008168"
"3654631","D008168"
"27015912","D008168"
"12133871","D008168"
"20610817","D008168"
"9377369","D008168"
"18317823","D008168"
"1022506","D008171"
"31878961","D008171"
"6666423","D008171"
"11303347","D008175"
"20109545","D008175"
"4013729","D008180"
"13771661","D008180"
"11273184","D008180"
"14705222","D008180"
"20374380","D008180"
"4372019","D008198"
"6966299","D008198"
"3023059","D008198"
"19422261","D008198"
"28753879","D008198"
"4403056","D008208"
"16076031","D008213"
"29718959","D008213"
"3112243","D008214"
"6966299","D008214"
"6677416","D008214"
"4144467","D008214"
"17949890","D008214"
"31604686","D008214"
"6210060","D008223"
"17949890","D008228"
"28498462","D008228"
"3121223","D008232"
"22751103","D008247"
"15851778","D008247"
"18506885","D008264"
"70498","D008264"
"10327418","D008264"
"3023059","D008264"
"7882103","D008264"
"4326631","D008264"
"8694708","D008266"
"8694708","D008268"
"16872345","D008268"
"8527105","D008288"
"22217657","D008288"
"29191464","D008317"
"6872152","D008321"
"33649360","D008385"
"1712816","D008407"
"18320315","D008407"
"7146142","D008431"
"5168538","D008441"
"9738996","D008457"
"15857632","D008526"
"14752007","D008540"
"14532136","D008540"
"4252830","D008543"
"15851778","D008543"
"4252830","D008545"
"16894403","D008546"
"20109545","D008546"
"7021611","D008548"
"7741693","D008564"
"3115621","D008564"
"18824157","D008564"
"31195130","D008566"
"15015451","D008569"
"31286344","D008569"
"30351372","D008589"
"2506080","D008596"
"33017723","D008599"
"17892391","D008606"
"9439838","D008636"
"4788202","D008638"
"4788202","D008643"
"9778508","D008648"
"15571462","D008654"
"25316040","D008659"
"161250","D008669"
"19341272","D008675"
"15932169","D008833"
"7199498","D008862"
"2099253","D008862"
"4425012","D008862"
"3935092","D008862"
"2597189","D008871"
"33041035","D008892"
"2995778","D008901"
"17907001","D008928"
"7741693","D008928"
"4381686","D008928"
"19066021","D008928"
"29718959","D008928"
"17907001","D008930"
"4425012","D008930"
"14752007","D008938"
"27423452","D009000"
"9439838","D009043"
"7146142","D009043"
"21119624","D009043"
"28398301","D009043"
"108083","D009045"
"11854521","D009046"
"108083","D009046"
"3758245","D009046"
"17446292","D009055"
"6945533","D009059"
"6945533","D009061"
"26505792","D009062"
"15800904","D009062"
"14615080","D009068"
"23092952","D009093"
"19106747","D009102"
"21938015","D009103"
"108083","D009119"
"6735143","D009119"
"10442090","D009119"
"7066597","D009119"
"5004735","D009119"
"4765742","D009127"
"29310135","D009127"
"30554828","D009128"
"28753879","D009130"
"10712344","D009130"
"12133871","D009130"
"287665","D009130"
"7976791","D009130"
"4788202","D009130"
"28280290","D009131"
"7066597","D009131"
"34337044","D009131"
"5439587","D009132"
"313982","D009132"
"1152628","D009132"
"108083","D009132"
"29307828","D009135"
"108083","D009135"
"108083","D009136"
"20018196","D009153"
"3512117","D009154"
"1363402","D009154"
"19827648","D009154"
"15105143","D009154"
"27511901","D009175"
"4692132","D009182"
"8718746","D009183"
"29045939","D009190"
"910698","D009200"
"3115621","D009200"
"10442090","D009200"
"3846305","D009200"
"4663759","D009203"
"5662426","D009203"
"2188764","D009203"
"4660456","D009206"
"7213351","D009206"
"522134","D009206"
"8069034","D009206"
"12595301","D009206"
"16157796","D009206"
"10750035","D009215"
"6677416","D009223"
"30362203","D009292"
"4765742","D009292"
"29310135","D009292"
"34129485","D009293"
"3125456","D009294"
"18164145","D009294"
"13248524","D009296"
"29422160","D009325"
"3125456","D009357"
"21282970","D009361"
"15800904","D009361"
"25119502","D009361"
"5126243","D009362"
"20671553","D009362"
"2734533","D009364"
"29422160","D009369"
"17624310","D009369"
"15910966","D009369"
"33494284","D009369"
"22922155","D009369"
"9572660","D009369"
"11773621","D009369"
"2897971","D009369"
"1341582","D009369"
"6210060","D009374"
"5831907","D009374"
"9218594","D009374"
"4295750","D009374"
"25119502","D009374"
"4284349","D009374"
"33494284","D009389"
"2902317","D009404"
"26098438","D009412"
"8161524","D009414"
"2234543","D009422"
"22922155","D009422"
"9237519","D009422"
"1975775","D009434"
"19663259","D009435"
"15857632","D009435"
"11593044","D009435"
"29467007","D009444"
"27072241","D009447"
"18307034","D009447"
"30259399","D009457"
"11273184","D009459"
"29307828","D009469"
"30348195","D009471"
"26098438","D009473"
"11593044","D009473"
"19064789","D009473"
"19322020","D009474"
"9354328","D009474"
"30348195","D009474"
"15857632","D009474"
"17555726","D009474"
"2846139","D009474"
"22066027","D009474"
"19828309","D009474"
"11189021","D009476"
"11028512","D009503"
"2473270","D009504"
"1712816","D009504"
"10582779","D009504"
"5126243","D009504"
"18833976","D009666"
"26299508","D009669"
"16242915","D009685"
"3019538","D009690"
"24136857","D009757"
"34923473","D009765"
"32298529","D009765"
"12829631","D009765"
"15324372","D009765"
"19106747","D009767"
"294173","D009784"
"8343484","D009798"
"22112834","D009812"
"22110700","D009836"
"18824157","D009836"
"7882103","D009857"
"19683162","D009883"
"7046959","D009974"
"17151098","D009976"
"31863917","D010003"
"24438","D010003"
"6494459","D010003"
"17415477","D010006"
"7948046","D010006"
"10868915","D010006"
"15800904","D010010"
"28291848","D010012"
"4227500","D010040"
"32644804","D010051"
"2734533","D010051"
"9218736","D010051"
"30319007","D010051"
"16595728","D010053"
"10696778","D010053"
"7230797","D010053"
"2272464","D010053"
"26781213","D010058"
"10696778","D010060"
"30951376","D010064"
"15318481","D010083"
"25488427","D010084"
"7741693","D010101"
"10442090","D010101"
"18176813","D010101"
"20671553","D010146"
"8963688","D010146"
"22621414","D010146"
"2897971","D010148"
"12193491","D010149"
"5168538","D010157"
"5461753","D010179"
"19422261","D010179"
"13906694","D010179"
"20506690","D010179"
"2650387","D010179"
"6655974","D010190"
"31772164","D010190"
"17228136","D010190"
"19106747","D010195"
"28375864","D010195"
"2902317","D010198"
"16762278","D010236"
"3312851","D010272"
"11189021","D010275"
"7976791","D010276"
"11189021","D010276"
"5468225","D010276"
"11189021","D010277"
"3548360","D010280"
"6981321","D010282"
"14686757","D010300"
"4237029","D010300"
"29625424","D010300"
"18164145","D010342"
"24871779","D010457"
"20806203","D010490"
"16622045","D010529"
"7618816","D010532"
"12569655","D010537"
"7618816","D010538"
"10739230","D010538"
"7741693","D010539"
"24034911","D010547"
"3115621","D010566"
"23013769","D010575"
"5279337","D010578"
"22621414","D010591"
"5168538","D010610"
"11145621","D010612"
"24014355","D010675"
"8575533","D010726"
"17276753","D010726"
"27423452","D010766"
"20514406","D010766"
"29718959","D010766"
"3758245","D010791"
"15310701","D010807"
"8550336","D010857"
"7021611","D010859"
"698313","D010860"
"1201837","D010860"
"23155889","D010895"
"4149011","D010902"
"10696778","D010902"
"3097230","D010902"
"7146142","D010902"
"4670772","D010911"
"3329167","D010911"
"25921632","D010911"
"1694489","D010913"
"7962395","D010920"
"16436524","D010929"
"4211657","D010936"
"17695533","D010936"
"21950491","D010936"
"21950491","D010938"
"23736140","D010952"
"9218594","D010954"
"15340552","D010957"
"10868915","D010957"
"7572640","D010959"
"32471116","D010968"
"31232293","D010969"
"10712344","D010972"
"1188768","D010974"
"11028512","D010975"
"22704302","D010975"
"31247349","D010975"
"26502995","D010982"
"15571462","D010997"
"15105143","D011008"
"9377369","D011014"
"3513497","D011015"
"6336462","D011041"
"18461463","D011058"
"22889124","D011091"
"31052594","D011091"
"20100285","D011091"
"31769335","D011091"
"28375864","D011092"
"24222268","D011092"
"19422261","D011092"
"31769335","D011092"
"19923710","D011092"
"25870997","D011108"
"25127362","D011108"
"23489491","D011126"
"5366025","D011127"
"4374450","D011128"
"12325380","D011132"
"885615","D011135"
"31232293","D011137"
"34364632","D011142"
"9439838","D011149"
"34364632","D011166"
"7066597","D011169"
"2650387","D011183"
"647468","D011183"
"30182079","D011183"
"29399716","D011183"
"19683162","D011183"
"2583394","D011187"
"11292644","D011213"
"15167813","D011225"
"7657449","D011248"
"9738996","D011251"
"9623785","D011271"
"27511901","D011271"
"20960631","D011401"
"1940191","D011453"
"15834081","D011461"
"18288423","D011471"
"24719121","D011471"
"22335870","D011471"
"30319007","D011471"
"26999742","D011485"
"20514406","D011485"
"1656817","D011486"
"4212813","D011488"
"4212813","D011502"
"2902317","D011507"
"16157796","D011507"
"5126243","D011512"
"16339852","D011523"
"17446292","D011552"
"5126243","D011552"
"30253005","D011565"
"27334607","D011613"
"9808817","D011614"
"3060022","D011628"
"19049698","D011651"
"24034911","D011651"
"10952325","D011673"
"28302199","D011695"
"2134624","D011697"
"18320315","D011706"
"14615080","D011712"
"20671553","D011788"
"22217657","D011818"
"2756306","D011838"
"8963688","D011930"
"3758245","D011930"
"31501380","D012004"
"21903285","D012004"
"10739230","D012007"
"1741274","D012045"
"12595301","D012079"
"17005926","D012091"
"15180373","D012098"
"3758245","D012119"
"15857632","D012125"
"1096744","D012131"
"29310135","D012132"
"31878961","D012132"
"30267624","D012141"
"15325403","D012141"
"294173","D012142"
"8550336","D012160"
"23060192","D012160"
"25593024","D012160"
"16374343","D012164"
"25593024","D012165"
"25086184","D012171"
"20626309","D012220"
"27423452","D012220"
"16967045","D012221"
"29191464","D012256"
"8021267","D012270"
"4909532","D012270"
"522134","D012298"
"17005926","D012330"
"15521786","D012330"
"1284511","D012330"
"1284391","D012374"
"30365904","D012400"
"9738996","D012409"
"15325403","D012463"
"24485734","D012463"
"31377732","D012463"
"10959933","D012469"
"4372019","D012507"
"6191705","D012513"
"7882103","D012514"
"6191705","D012516"
"313982","D012519"
"15174317","D012541"
"20434133","D012559"
"29307828","D012584"
"4364436","D012636"
"27313137","D012661"
"22112834","D012679"
"1712816","D012701"
"9237519","D012701"
"17458692","D012701"
"11593044","D012701"
"125430","D012701"
"6330621","D012701"
"4150445","D012734"
"680577","D012741"
"7630573","D012741"
"10582779","D012749"
"16286971","D012828"
"24940779","D012855"
"17376603","D012867"
"4326631","D012867"
"16207943","D012867"
"30253005","D012867"
"2229634","D012867"
"9802688","D012867"
"7021611","D012867"
"19821068","D012867"
"18528699","D012867"
"24222268","D012867"
"14530080","D012867"
"1081558","D012867"
"10610693","D012867"
"4326631","D012871"
"105049","D012872"
"1081558","D012874"
"21729023","D012878"
"28291848","D012886"
"3125456","D012890"
"4384532","D012890"
"14686757","D012891"
"17107243","D012893"
"7422808","D012899"
"7422808","D012900"
"16207943","D012906"
"12834244","D012907"
"10399444","D012907"
"25774060","D012907"
"16776765","D012969"
"12738260","D012989"
"24463172","D012997"
"22770647","D012997"
"23013769","D012997"
"12031404","D013003"
"7976791","D013035"
"15805145","D013075"
"9598976","D013090"
"15805145","D013094"
"9598976","D013094"
"26098438","D013116"
"11854521","D013116"
"6185184","D013116"
"3758245","D013116"
"28398301","D013119"
"11854521","D013119"
"24869792","D013131"
"13097203","D013131"
"15056884","D013154"
"8101545","D013154"
"16076031","D013154"
"4144467","D013154"
"2294150","D013154"
"6157726","D013154"
"6966299","D013154"
"20610817","D013154"
"237835","D013154"
"6162734","D013167"
"9802688","D013170"
"20100285","D013171"
"17446292","D013183"
"6095847","D013189"
"1712816","D013189"
"28502375","D013203"
"4752591","D013203"
"1081558","D013203"
"19805005","D013203"
"14607942","D013203"
"21450954","D013203"
"25784619","D013217"
"28984650","D013233"
"19580409","D013234"
"25593024","D013234"
"18824157","D013234"
"28448110","D013234"
"9439838","D013239"
"1081558","D013262"
"4372854","D013270"
"12604581","D013270"
"23782053","D013274"
"21282970","D013274"
"15932169","D013276"
"1940191","D013276"
"18198771","D013276"
"5468225","D013276"
"28387815","D013312"
"24882700","D013313"
"18198771","D013315"
"7621515","D013315"
"32236720","D013318"
"18176813","D013318"
"15851778","D013347"
"1694489","D013373"
"26781213","D013375"
"15851778","D013378"
"1975775","D013378"
"15325403","D013398"
"24222268","D013501"
"25925079","D013501"
"6666423","D013529"
"6666423","D013530"
"4403056","D013565"
"6243013","D013566"
"4403056","D013566"
"8361540","D013569"
"11773621","D013569"
"1903446","D013574"
"70498","D013601"
"32471741","D013601"
"9037268","D013601"
"6969744","D013601"
"7602104","D013601"
"27511737","D013601"
"20374380","D013601"
"11922564","D013601"
"8735569","D013601"
"24485734","D013649"
"12438213","D013649"
"17333392","D013678"
"20187116","D013710"
"32848052","D013723"
"4150445","D013734"
"4150445","D013737"
"4149011","D013737"
"24840535","D013737"
"10442090","D013746"
"7066597","D013779"
"12031404","D013788"
"4410028","D013848"
"15056884","D013851"
"29623504","D013917"
"5634534","D013917"
"27423452","D013917"
"19064789","D013917"
"8154329","D013917"
"5126243","D013921"
"6890768","D013923"
"31258144","D013925"
"2059307","D013950"
"4235291","D013950"
"3023059","D013950"
"1193017","D013961"
"23668778","D013961"
"4670772","D013964"
"1351599","D013964"
"26125698","D013964"
"23668778","D013967"
"21499104","D013979"
"21898851","D013984"
"16776765","D014002"
"1022506","D014014"
"10399444","D014028"
"9808817","D014029"
"5168538","D014062"
"28526807","D014062"
"16776765","D014077"
"20707920","D014098"
"16776765","D014100"
"24485734","D014100"
"22922155","D014131"
"17458692","D014131"
"23599347","D014131"
"13248524","D014132"
"7976791","D014132"
"24882700","D014150"
"26854986","D014150"
"7621515","D014151"
"3654631","D014158"
"26999742","D014158"
"10327418","D014158"
"1363402","D014158"
"17716196","D014162"
"2229634","D014212"
"2838564","D014212"
"5974130","D014245"
"16436524","D014327"
"13656741","D014376"
"5653744","D014397"
"237835","D014406"
"2734533","D014408"
"27072241","D014408"
"26027763","D014408"
"23782053","D014408"
"21729023","D014408"
"32644804","D014408"
"21997755","D014409"
"27423452","D014409"
"25086184","D014409"
"15800904","D014409"
"10712344","D014409"
"1341582","D014409"
"7296727","D014435"
"5833453","D014470"
"24640375","D014470"
"14681993","D014471"
"8735569","D014471"
"16949463","D014511"
"30182079","D014514"
"8501776","D014545"
"13885704","D014545"
"5974130","D014552"
"30182079","D014552"
"2481040","D014552"
"32099032","D014556"
"5974130","D014570"
"10895193","D014570"
"4692132","D014581"
"30523628","D014581"
"4149615","D014581"
"8582508","D014594"
"94308","D014599"
"30951376","D014599"
"9623785","D014599"
"22217657","D014612"
"10318841","D014617"
"2734533","D014621"
"11189021","D014630"
"16698004","D014644"
"26902330","D014654"
"19049698","D014655"
"10952325","D014655"
"2532856","D014661"
"3883810","D014661"
"11269790","D014661"
"19782665","D014662"
"17044805","D014663"
"19049698","D014665"
"2532856","D014665"
"11189021","D014665"
"3846305","D014665"
"21700631","D014670"
"28357646","D014675"
"11269790","D014680"
"15028809","D014682"
"910698","D014693"
"27489269","D014765"
"6175895","D014771"
"625088","D014771"
"14607942","D014774"
"33494284","D014777"
"17113556","D014792"
"23060192","D014793"
"14693789","D014794"
"14615080","D014796"
"17892391","D014796"
"4326631","D014801"
"25187106","D014801"
"7962395","D014801"
"25187106","D014802"
"27015912","D014808"
"25187106","D014808"
"25187106","D014811"
"30860552","D014815"
"15180373","D014818"
"29422160","D014839"
"24034911","D014841"
"2134624","D014841"
"23892148","D014866"
"30189576","D014874"
"23013769","D014874"
"31232293","D014874"
"31768658","D014874"
"12738260","D014874"
"17546983","D014874"
"16963102","D014874"
"32931967","D014874"
"31332683","D014874"
"24463172","D014874"
"6120315","D014917"
"21282970","D014945"
"14530080","D014945"
"1096744","D014947"
"11839357","D014960"
"23960120","D015002"
"2138155","D015025"
"34445515","D015140"
"17917829","D015179"
"2026480","D015179"
"11189021","D015213"
"7684185","D015214"
"17907001","D015227"
"11013296","D015227"
"17613116","D015227"
"15804541","D015227"
"21997755","D015227"
"1712816","D015230"
"12819078","D015234"
"8638674","D015262"
"11459860","D015295"
"12569655","D015314"
"17696404","D015342"
"17113556","D015348"
"25921632","D015395"
"20514406","D015398"
"25119502","D015398"
"11593044","D015398"
"25988548","D015398"
"15345747","D015398"
"19064789","D015398"
"9820649","D015398"
"1284391","D015398"
"29710547","D015398"
"30259399","D015398"
"33017723","D015398"
"16172430","D015415"
"18824157","D015415"
"31492507","D015415"
"21938015","D015415"
"1491181","D015415"
"16967045","D015415"
"30267624","D015415"
"27039905","D015415"
"15310701","D015415"
"34376277","D015415"
"32524978","D015415"
"29710547","D015415"
"32610324","D015415"
"15015451","D015427"
"24722444","D015432"
"2902317","D015433"
"10589916","D015434"
"32298529","D015434"
"31878961","D015444"
"18176813","D015444"
"1712816","D015471"
"7962395","D015474"
"8101545","D015496"
"29718959","D015496"
"26258786","D015496"
"17044805","D015508"
"25110128","D015533"
"24136857","D015533"
"26999742","D015536"
"14607942","D015536"
"15906391","D015536"
"28387815","D015551"
"8694708","D015593"
"2229634","D015595"
"9598976","D015640"
"12133871","D015656"
"12812704","D015658"
"30351372","D015658"
"33649360","D015658"
"33055571","D015658"
"24816790","D015658"
"27177316","D015658"
"26423191","D015658"
"10589916","D015658"
"22397066","D015658"
"11357464","D015658"
"18164145","D015658"
"7882103","D015658"
"22806298","D015662"
"11269790","D015673"
"15857632","D015687"
"20068160","D015687"
"8101545","D015703"
"2059307","D015703"
"16076031","D015703"
"20374380","D015703"
"20002943","D015746"
"16374343","D015785"
"8735569","D015815"
"20434133","D015816"
"28498462","D015816"
"8395917","D015835"
"10447927","D015847"
"18528699","D015847"
"26258786","D015847"
"18528699","D015848"
"7882103","D015850"
"16076031","D015850"
"17704603","D015850"
"28280290","D015850"
"27511901","D015850"
"10327418","D015850"
"23877512","D015854"
"14607942","D015854"
"29897613","D015854"
"34048096","D015854"
"15906391","D015854"
"17113556","D015858"
"20018196","D015870"
"19322020","D015870"
"33017723","D015870"
"20434133","D015870"
"17415477","D015870"
"26505792","D015972"
"20514406","D015972"
"28498462","D015972"
"21282970","D015972"
"9218594","D015972"
"24869792","D016103"
"11227121","D016166"
"2059307","D016176"
"8101545","D016176"
"18506885","D016176"
"26258786","D016176"
"9218594","D016178"
"17949890","D016179"
"8101545","D016183"
"15056884","D016207"
"31286344","D016207"
"15246588","D016207"
"15932169","D016207"
"19017945","D016207"
"29307828","D016207"
"20374380","D016207"
"20610817","D016207"
"29710547","D016207"
"33329591","D016207"
"8735569","D016207"
"28280290","D016207"
"17555726","D016207"
"10582779","D016207"
"1712816","D016207"
"10868915","D016212"
"7882103","D016222"
"7700064","D016277"
"32524978","D016277"
"19049698","D016280"
"12379463","D016296"
"28291848","D016348"
"9348528","D016350"
"7621515","D016376"
"1741274","D016384"
"20053693","D016459"
"28502375","D016470"
"24560955","D016470"
"30554828","D016472"
"16104952","D016481"
"32175626","D016481"
"30386104","D016481"
"21282970","D016481"
"15028809","D016491"
"18307034","D016501"
"10928794","D016511"
"9808817","D016540"
"15906391","D016548"
"17107243","D016574"
"31374578","D016584"
"21656485","D016606"
"17949890","D016615"
"32953879","D016640"
"7882103","D016662"
"33171953","D016667"
"10380699","D016676"
"9820649","D016676"
"16076031","D016753"
"18506885","D016753"
"9218594","D016753"
"28984650","D016757"
"10868915","D016758"
"19570342","D016883"
"4963129","D016883"
"26218748","D016889"
"24018411","D016891"
"31247349","D016893"
"10327418","D016898"
"17151098","D016899"
"23060103","D016899"
"22806298","D016905"
"21606009","D016905"
"22806298","D016908"
"28502375","D016918"
"17312972","D016922"
"17555726","D016923"
"23877512","D017072"
"30348195","D017077"
"24640375","D017077"
"10452374","D017084"
"9020369","D017086"
"8454468","D017086"
"33440169","D017086"
"20960631","D017092"
"30951376","D017154"
"8069034","D017202"
"34048096","D017209"
"28498462","D017209"
"9820649","D017209"
"21993393","D017209"
"17695533","D017209"
"30259399","D017209"
"19322020","D017209"
"31863917","D017209"
"24305418","D017209"
"16417252","D017252"
"32610324","D017252"
"23790008","D017319"
"10589916","D017320"
"21884584","D017379"
"33440169","D017381"
"12834244","D017392"
"17613116","D017392"
"17892391","D017397"
"18288423","D017430"
"22335870","D017430"
"30523628","D017449"
"9802688","D017486"
"8547546","D017544"
"10327418","D017628"
"12102453","D017704"
"9237519","D017729"
"29467007","D017737"
"22751103","D017931"
"14693789","D017949"
"19017945","D017951"
"7602104","D017951"
"33329591","D017951"
"12604581","D017952"
"9354328","D017956"
"7874120","D018076"
"7508204","D018076"
"7602104","D018089"
"31878961","D018149"
"10447927","D018174"
"18519543","D018288"
"15325403","D018357"
"17716196","D018377"
"15993501","D018377"
"19828309","D018377"
"8592126","D018377"
"29897613","D018384"
"15167813","D018384"
"12595301","D018384"
"28526807","D018384"
"29710547","D018384"
"21997755","D018384"
"22968740","D018389"
"32644804","D018394"
"21700631","D018396"
"12819078","D018414"
"24305418","D018417"
"26258786","D018417"
"19017945","D018417"
"19017945","D018418"
"31604686","D018418"
"18528699","D018418"
"26258786","D018418"
"15105143","D018440"
"17546983","D018441"
"28357646","D018441"
"24485734","D018441"
"10442090","D018482"
"30367405","D018482"
"16931215","D018482"
"27015912","D018482"
"7947974","D018482"
"22564510","D018482"
"18176813","D018482"
"9439838","D018492"
"33780902","D018501"
"25774060","D018501"
"23060192","D018507"
"21950491","D018515"
"11938932","D018517"
"17565972","D018546"
"11938932","D018547"
"31332683","D018547"
"17565972","D018548"
"27511737","D018664"
"8712463","D018685"
"23001292","D018686"
"23362493","D018691"
"17458692","D018692"
"29307828","D018696"
"10327418","D018696"
"15015451","D018696"
"25832905","D018697"
"27489269","D018702"
"9439838","D018721"
"23060192","D018722"
"11273184","D018726"
"21499104","D018727"
"9439838","D018727"
"24560955","D018746"
"7621515","D018782"
"18528699","D018793"
"28587263","D018798"
"32327187","D018805"
"29307828","D018805"
"22806298","D018805"
"2481040","D018805"
"23736140","D018805"
"20610817","D018836"
"34364632","D018857"
"9802688","D018859"
"12461825","D018909"
"19064789","D018919"
"32524978","D018925"
"20610817","D018925"
"16967045","D018926"
"18421428","D018927"
"32931967","D018928"
"14693789","D018931"
"18288423","D018931"
"10712344","D018946"
"24560955","D018950"
"27423452","D018950"
"28587263","D018977"
"12604581","D018978"
"9623785","D018997"
"26027763","D019008"
"21476015","D019008"
"19017945","D019013"
"30565827","D019015"
"14615080","D019054"
"30259399","D019070"
"27489269","D019142"
"27525274","D019149"
"28387815","D019161"
"30344255","D019161"
"17822094","D019163"
"28448110","D019175"
"17351323","D019188"
"26854986","D019208"
"21499104","D019274"
"24034911","D019332"
"16157796","D019332"
"18317823","D019337"
"26423191","D019380"
"33055571","D019380"
"24816790","D019380"
"27177316","D019380"
"25529736","D019428"
"17565972","D019441"
"15246588","D019446"
"10743137","D019485"
"11459860","D019496"
"10420360","D019573"
"31769335","D019573"
"23960120","D019587"
"27357282","D019636"
"17949890","D019653"
"11310082","D019693"
"27511737","D019693"
"19446659","D019698"
"8902194","D019867"
"31863917","D019902"
"15932169","D019936"
"22397066","D019964"
"33649360","D019966"
"12812704","D019966"
"8484358","D019966"
"8605647","D019966"
"29710547","D020011"
"14705222","D020022"
"10442090","D020030"
"28291848","D020099"
"31772164","D020100"
"24816790","D020125"
"19064789","D020127"
"28398301","D020127"
"23668778","D020134"
"26999742","D020218"
"15028809","D020246"
"11529860","D020246"
"21884584","D020257"
"18619110","D020335"
"10963174","D020370"
"11357464","D020380"
"18506885","D020381"
"26258786","D020381"
"10380699","D020382"
"29588341","D020521"
"17910781","D020521"
"31247349","D020521"
"22704302","D020521"
"23060103","D020529"
"17516259","D020533"
"20434133","D020641"
"19570342","D020738"
"14693789","D020845"
"24072766","D020852"
"29307828","D020890"
"26502995","D020935"
"19017945","D020935"
"24485734","D020947"
"16242915","D021381"
"19017945","D021381"
"16622045","D021381"
"18307034","D021962"
"18927587","D022781"
"21993393","D023102"
"24305418","D023201"
"16380473","D023201"
"14530080","D023822"
"20187116","D023822"
"19580409","D023822"
"24640375","D023822"
"26999742","D024506"
"17704603","D024821"
"16671332","D024821"
"24816790","D024921"
"23092952","D030762"
"24640375","D032389"
"26502995","D032389"
"28280290","D032389"
"34337044","D032389"
"30367405","D032448"
"19837073","D033761"
"4013729","D034381"
"30229355","D035264"
"29310135","D035441"
"16374343","D035583"
"15805145","D037342"
"16622045","D037521"
"17949890","D038042"
"24136857","D039904"
"19551394","D040181"
"18320315","D040542"
"33440169","D041905"
"18421428","D042461"
"27089389","D042461"
"20187116","D042461"
"23092952","D042541"
"19580409","D042783"
"14681993","D042783"
"25086184","D042783"
"19528577","D043302"
"17193357","D043942"
"25925079","D043942"
"31772164","D043942"
"26505792","D044127"
"28448110","D044127"
"30442118","D044966"
"22397066","D044966"
"16698004","D044967"
"19160805","D045482"
"14752007","D045566"
"19591484","D045730"
"15952596","D045744"
"1182411","D045930"
"28746396","D046448"
"30659431","D047072"
"17565972","D047108"
"23840884","D047228"
"21184621","D047228"
"19341272","D047428"
"20514406","D047428"
"27021586","D047428"
"18824157","D048430"
"19211053","D048750"
"23215789","D048909"
"30362203","D048949"
"26502995","D049109"
"17624310","D049109"
"18035543","D049109"
"20196574","D049109"
"16894403","D049109"
"26505792","D049109"
"30259399","D049109"
"22277588","D049109"
"16207943","D049109"
"28526807","D049109"
"16076031","D049109"
"28498462","D049109"
"27072241","D049109"
"34048096","D049109"
"17716196","D049329"
"17193357","D049329"
"25459998","D049329"
"20671553","D050071"
"30344255","D050171"
"28387815","D050197"
"21997755","D050356"
"19827648","D050356"
"21099276","D050417"
"22564510","D050417"
"24222268","D050866"
"17716196","D050997"
"29307828","D051100"
"19066021","D051336"
"27039905","D051436"
"15264752","D051437"
"17704603","D052242"
"22386983","D052246"
"32298529","D052436"
"28671643","D052638"
"28502375","D052880"
"17695533","D053078"
"21499104","D053201"
"21985276","D053204"
"18927587","D053221"
"17415477","D053245"
"20671553","D053245"
"19551394","D053331"
"31863917","D053583"
"19322020","D053595"
"27511901","D053605"
"22889124","D053758"
"24222268","D053758"
"31769335","D053758"
"34364632","D053758"
"33494284","D053823"
"28526807","D053903"
"28375864","D054198"
"30386104","D054328"
"20002943","D054328"
"32175626","D054328"
"30659431","D054556"
"32035125","D054556"
"30229355","D054817"
"28383786","D054852"
"32848052","D054875"
"28746396","D055049"
"32471116","D055166"
"31258144","D055252"
"23060192","D055351"
"30259399","D055495"
"25593024","D055495"
"19064789","D055495"
"22806298","D055499"
"24225033","D056486"
"946409","D056486"
"29718959","D056704"
"34364632","D057139"
"27334607","D057240"
"32236720","D057911"
"22564510","D057911"
"30344255","D058070"
"11227121","D058186"
"23093787","D058186"
"17211610","D058225"
"28387815","D058226"
"34337044","D058426"
"24485734","D058491"
"26258786","D058504"
"26505792","D058750"
"23093787","D058908"
"22110700","D058953"
"30259399","D058953"
"26098438","D059225"
"32298529","D059305"
"24640375","D059630"
"30351372","D060085"
"34337044","D060508"
"31768658","D060766"
"34445515","D060825"
"27021586","D061026"
"27511737","D061026"
"31768658","D062065"
"27525274","D062065"
"30189576","D062065"
"31332683","D062065"
"11685016","D062787"
"28498462","D063646"
"26027763","D064129"
"28357646","D064209"
"30006310","D065347"
"31195130","D065546"
"34923473","D065626"
"26098438","D066148"
"7602104","D016747"
"19551394","D053360"
"12102453","D018980"
"6179684","D006810"
"21119624","D009087"
"27018196","D015956"
"8582508","D018235"
"17374269","D018303"
"10743137","D019291"
"30365904","D022243"
"17312972","D014898"
"7882103","D015756"
"94308","D003282"
"27018196","D054179"
"34337044","D057772"
